full_name,spkid,neo,pha,a,e,i,q,ad,per,n,ma,H,diameter,albedo,rot_per,GM,spec_B,spec_T,full_name,da_dt,e_da_dt,A2,SNR,FAccept,Tax,deltat
(1998 SD9),3014184,True,False,0.702,0.504,2.99,0.348,1.06,215.0,1.67,233.0,24.09,,,,,,,1998 SD9,-0.0197061,0.000106344,-2.89846e-13,185.305,1,N,19.992
99942 Apophis (2004 MN4),20099942,True,True,0.922,0.191,3.34,0.746,1.1,324.0,1.11,313.0,19.09,0.34,0.35,30.56,,,,99942,-0.00132587,1.07888e-05,-2.88894e-14,122.894,1,N,17.18
480883 (2001 YE4),20480883,True,True,0.677,0.54,4.85,0.311,1.04,203.0,1.77,193.0,20.92,,,,,,,480883,-0.00504483,5.33209e-05,-6.91898e-14,94.6127,1,V,20.085
2340 Hathor (1976 UA),20002340,True,True,0.844,0.45,5.86,0.464,1.22,283.0,1.27,202.0,20.43,0.3,,3.35,,,,2340,-0.00173809,3.04332e-05,-2.99871e-14,57.1118,1,Q,45.12
524522 Zoozve (2002 VE68),20524522,True,True,0.724,0.41,9.04,0.427,1.02,225.0,1.6,329.0,20.54,,,13.5,,,,524522,-0.00359165,6.30856e-05,-5.98376e-14,56.9329,1,N,16.06
(2002 BF25),3102784,True,False,1.07,0.222,6.31,0.837,1.31,407.0,0.885,223.0,22.62,0.152,0.1,,,,,2002 BF25,0.00719033,0.000127596,1.66785e-13,56.3522,1,N,20.027
(2012 UR158),3614980,True,True,2.23,0.858,3.19,0.317,4.15,1220.0,0.296,310.0,20.67,0.629,0.023,,,,,2012 UR158,-0.814757,0.0181918,-7.71304e-12,44.787,Rej.,N,10.07
523599 (2003 RM),20523599,True,False,2.91,0.606,11.0,1.15,4.68,1820.0,0.198,172.0,19.64,,,,,,,523599,0.082924,0.0019957,2.12069e-12,41.5513,Rej.,N,15.2
(2000 EB14),3031176,True,False,0.896,0.496,11.6,0.452,1.34,310.0,1.16,35.3,23.43,,,1.79,,,,2000 EB14,-0.0160609,0.000407499,-2.70053e-13,39.4134,1,N,22.015
483656 (2005 ES70),20483656,True,False,0.763,0.386,20.8,0.468,1.06,244.0,1.48,211.0,23.77,,,1.69,,,,483656,-0.00800644,0.000219259,-1.40104e-13,36.5159,1,N,18.015
(2009 BD),3444297,True,False,1.06,0.0519,1.27,1.01,1.12,400.0,0.9,120.0,28.1,,,,,,,2009 BD,-0.0667463,0.00209795,-1.57655e-12,31.815,Rej.,N,2.423
480808 (1994 XL1),20480808,True,True,0.671,0.526,28.2,0.318,1.02,201.0,1.79,317.0,20.64,,,,,,,480808,-0.00327779,0.00011468,-4.57163e-14,28.582,1,N,28.049
152563 (1992 BF),20152563,True,False,0.908,0.272,7.25,0.661,1.15,316.0,1.14,242.0,19.71,0.272,0.287,32.0,,,,152563,-0.00126754,4.44032e-05,-2.63408e-14,28.5462,1,K,69.958
(1995 CR),3005973,True,True,0.907,0.868,4.08,0.119,1.69,315.0,1.14,169.0,21.76,,,2.66,,,,1995 CR,-0.00866538,0.000303574,-4.77609e-14,28.5445,1,N,19.025
(2010 VQ),3550139,True,False,0.861,0.197,0.346,0.691,1.03,292.0,1.23,110.0,27.72,,,,,,,2010 VQ,-0.0405427,0.00147993,-8.5102e-13,27.395,1,N,12.077
441987 (2010 NY65),20441987,True,True,1.0,0.37,11.5,0.632,1.38,367.0,0.98,208.0,21.36,0.228,0.071,4.9706,,,,441987,-0.00183072,6.85175e-05,-3.7215e-14,26.719,1,S,13.021
679648 (2019 XS),20679648,True,False,1.01,0.326,4.45,0.678,1.33,369.0,0.977,68.8,23.85,,,2.35,,,,2019 XS,-0.00773308,0.00033819,-1.62979e-13,22.8661,1,N,21.681
(2002 JR100),3126183,True,False,0.924,0.299,3.71,0.648,1.2,324.0,1.11,278.0,24.3,0.028,0.441,,,,,2002 JR100,-0.013768,0.000631808,-2.83962e-13,21.7914,1,N,17.213
612197 (2000 WP19),20612197,True,False,0.854,0.288,7.68,0.608,1.1,288.0,1.25,347.0,22.93,,,,,,,612197,0.00961797,0.000443248,1.91899e-13,21.6989,1,N,19.094
(2018 CW2),3799312,True,False,0.76,0.422,5.1,0.439,1.08,242.0,1.49,123.0,25.66,,,,,,,2018 CW2,-0.0291045,0.00141881,-4.92261e-13,20.5134,1,N,4.022
(2003 BN4),3147315,True,False,1.27,0.172,5.59,1.05,1.49,523.0,0.688,335.0,24.26,,,,,,,2003 BN4,-0.0071304,0.000370508,-1.8365e-13,19.2449,1,N,20.14
(2003 FY6),3151655,True,False,0.73,0.582,6.6,0.305,1.15,228.0,1.58,222.0,22.61,,,,,,,2003 FY6,-0.00516518,0.000274183,-6.87115e-14,18.8384,1,N,20.074
(2001 CQ36),3070801,True,False,0.937,0.177,1.26,0.771,1.1,332.0,1.09,195.0,22.74,,,,,,,2001 CQ36,-0.00670924,0.000358476,-1.48395e-13,18.716,1,N,21.221
829223 (2006 CT),20829223,True,False,1.1,0.231,2.74,0.844,1.35,419.0,0.858,194.0,22.28,,,16.69,,,,2006 CT,-0.00388821,0.000208268,-9.0791e-14,18.6693,Rej.,N,30.979
(2000 PN8),3092269,True,False,1.25,0.217,22.4,0.981,1.52,512.0,0.703,59.3,22.04,,,,,,,2000 PN8,0.00523494,0.000283843,1.31452e-13,18.443,1,N,21.032
(2012 BB124),3597095,True,True,1.15,0.211,15.8,0.911,1.4,453.0,0.794,299.0,21.1,,,,,,,2012 BB124,0.00290486,0.000160479,7.02396e-14,18.1012,1,N,46.251
(2011 EP51),3559843,True,False,0.829,0.308,3.43,0.574,1.08,276.0,1.31,31.9,25.2,,,,,,,2011 EP51,-0.0168164,0.000962054,-3.26304e-13,17.4797,1,N,8.871
(2003 YL118),3170231,True,True,1.13,0.486,7.61,0.581,1.68,439.0,0.819,133.0,21.6,,,,,,,2003 YL118,-0.00905692,0.000542347,-1.73152e-13,16.6995,1,N,18.084
827991 (2002 XQ40),20827991,True,False,1.08,0.351,2.19,0.698,1.45,407.0,0.884,272.0,22.4,,,,,,,2002 XQ40,-0.00462836,0.000278696,-9.90402e-14,16.6072,1,N,19.22
(2009 WB105),3479013,True,False,0.826,0.253,38.4,0.617,1.03,274.0,1.31,315.0,23.5,,,,,,,2009 WB105,0.00688506,0.00042095,1.37907e-13,16.356,1,N,12.025
364136 (2006 CJ),20364136,True,True,0.677,0.755,10.2,0.166,1.19,203.0,1.77,16.9,20.19,,,,,,,364136,-0.00367582,0.000225559,-3.06172e-14,16.2965,1,N,16.077
138175 (2000 EE104),20138175,True,True,1.0,0.293,5.23,0.709,1.3,367.0,0.98,84.8,20.49,,,13.324,,,,138175,-0.00446822,0.00027614,-9.63882e-14,16.181,1,L,23.715
(2012 GA5),3602525,True,False,1.14,0.0665,7.3,1.07,1.22,446.0,0.807,322.0,24.19,,,,,,,2012 GA5,-0.00430032,0.000269532,-1.07735e-13,15.9548,Rej.,N,22.185
(2016 GW221),3752012,True,False,0.828,0.267,3.76,0.607,1.05,275.0,1.31,70.5,24.75,,,0.2856,,,,2016 GW221,-0.00735097,0.000463066,-1.46083e-13,15.8746,1,N,6.037
(2007 TF68),3388356,True,False,1.41,0.266,26.2,1.03,1.78,609.0,0.591,271.0,22.62,,,,,,,2007 TF68,-0.00805496,0.000512498,-2.09103e-13,15.7171,1,N,20.066
185851 (2000 DP107),20185851,True,True,1.37,0.377,8.67,0.851,1.88,583.0,0.618,309.0,18.31,0.863,0.137,2.7754,3.224e-08,,,185851,0.000407794,2.64667e-05,9.62841e-15,15.4078,1,M,21.99
(2010 GD35),3515692,True,False,0.764,0.481,7.82,0.397,1.13,244.0,1.47,273.0,24.62,,,,,,,2010 GD35,0.011357,0.000743208,1.79461e-13,15.2811,1,N,11.992
(2018 KR),3824981,True,False,0.885,0.208,1.16,0.701,1.07,304.0,1.18,217.0,26.39,,,,,,,2018 KR,-0.0101639,0.000680621,-2.15224e-13,14.9333,1,N,10.136
450237 (2002 XY38),20450237,True,False,0.911,0.218,2.12,0.713,1.11,318.0,1.13,294.0,23.18,0.096,0.134,,,,,450237,-0.00526751,0.000352803,-1.12765e-13,14.9304,1,N,20.101
85990 (1999 JV6),20085990,True,True,1.01,0.312,5.36,0.695,1.32,370.0,0.972,341.0,20.27,0.451,0.095,6.538,,,,85990,-0.0014786,0.000102112,-3.15698e-14,14.4802,1,N,22.779
(2004 JN1),3182169,True,False,1.09,0.176,1.5,0.895,1.28,413.0,0.872,79.0,23.74,,,,,,,2004 JN1,-0.0164312,0.00115145,-3.90617e-13,14.27,Rej.,N,7.545
(2011 CL50),3557536,True,False,0.882,0.146,0.187,0.754,1.01,303.0,1.19,111.0,27.3,,,,,,,2011 CL50,0.194959,0.013859,4.23044e-12,14.0674,Rej.,N,9.873
(2003 AF23),3146499,True,True,0.874,0.426,23.2,0.502,1.25,299.0,1.21,78.2,21.01,,,19.89,,,,2003 AF23,-0.00246719,0.000179111,-4.44805e-14,13.7747,1,C,18.127
(2001 BB16),3071939,True,False,0.855,0.172,2.03,0.708,1.0,289.0,1.25,303.0,23.2,,,,,,,2001 BB16,0.0153562,0.0011376,3.2436e-13,13.4988,Rej.,N,19.075
139359 (2001 ME1),20139359,True,True,2.63,0.87,5.96,0.343,4.93,1560.0,0.231,231.0,16.52,,,,,,,139359,-0.0275336,0.00206432,-2.64737e-13,13.3378,Rej.,P,21.911
(2000 TU28),3050517,True,True,1.07,0.183,15.6,0.877,1.27,406.0,0.887,134.0,21.05,,,128.5,,,,2000 TU28,-0.00349841,0.000262722,-8.2484e-14,13.316,1,S,21.67
1862 Apollo (1932 HA),20001862,True,True,1.47,0.56,6.35,0.647,2.29,652.0,0.552,114.0,16.08,1.5,0.25,3.065,,,,1862,-0.000190871,1.44952e-05,-3.74157e-15,13.1678,1,Q,74.918
363599 (2004 FG11),20363599,True,True,1.59,0.724,3.13,0.438,2.73,730.0,0.493,267.0,21.05,0.152,0.306,7.021,,,,363599,-0.00451215,0.000352435,-6.37546e-14,12.8028,1,N,18.048
326354 (2000 SJ344),20326354,True,False,1.14,0.175,5.75,0.941,1.34,445.0,0.809,222.0,22.78,,,,,,,326354,-0.0062738,0.000493904,-1.52929e-13,12.7025,1,N,22.615
401885 (2001 RV17),20401885,True,False,0.915,0.342,7.53,0.602,1.23,320.0,1.13,87.4,20.42,,,,,,,401885,-0.00240239,0.000190889,-4.77597e-14,12.5853,1,S,21.158
477719 (2010 SG15),20477719,True,False,2.08,0.476,0.828,1.09,3.07,1090.0,0.329,12.8,25.26,,,,,,,477719,-0.00683813,0.000561995,-1.79163e-13,12.1676,1,N,11.997
(2014 RQ17),3687148,True,False,1.77,0.443,3.66,0.985,2.55,858.0,0.42,254.0,22.3,,,0.5216,,,,2014 RQ17,-0.00164974,0.000136028,-4.15108e-14,12.1279,1,V,68.192
363027 (1998 ST27),20363027,True,True,0.82,0.53,21.1,0.386,1.25,271.0,1.33,88.4,19.58,0.578,0.059,3.0,,,,363027,0.00098515,8.16424e-05,1.51005e-14,12.0667,1,C,23.058
350462 (1998 KG3),20350462,True,False,1.16,0.117,5.51,1.02,1.29,456.0,0.79,108.0,22.1,,,13.335,,,,350462,-0.00279628,0.000232327,-6.99408e-14,12.036,1,N,24.999
612600 (2003 SM84),20612600,True,False,1.13,0.082,2.8,1.03,1.22,436.0,0.826,279.0,23.02,,,,,,,612600,-0.00711312,0.000597993,-1.76501e-13,11.895,1,N,18.242
1566 Icarus (1949 MA),20001566,True,True,1.08,0.827,22.8,0.186,1.97,409.0,0.881,153.0,16.53,1.0,0.51,2.2726,,,,1566,-0.00050242,4.36321e-05,-3.88525e-15,11.5149,1,S,74.048
468468 (2004 KH17),20468468,True,True,0.712,0.498,22.1,0.357,1.07,220.0,1.64,112.0,22.01,0.197,0.072,,,,,468468,-0.00435601,0.000380958,-6.50229e-14,11.4344,1,S,18.015
(2016 TH94),3762462,True,False,0.827,0.373,23.1,0.519,1.14,275.0,1.31,276.0,24.58,,,,,,,2016 TH94,-0.0125928,0.00110757,-2.32103e-13,11.3698,1,N,6.051
399308 (1993 GD),20399308,True,False,1.1,0.238,15.5,0.84,1.36,423.0,0.852,201.0,20.62,,,,,,,399308,0.00300008,0.000266076,6.99709e-14,11.2753,1,N,29.114
613569 (2006 TU7),20613569,True,True,0.851,0.47,2.95,0.451,1.25,287.0,1.25,24.7,21.95,,,,,,,613569,0.00696277,0.00062345,1.17811e-13,11.1681,1,N,17.936
(2007 TF15),3387609,True,False,1.11,0.0444,4.26,1.06,1.16,426.0,0.845,337.0,24.69,,,,,,,2007 TF15,-0.00921977,0.0008391,-2.28162e-13,10.9877,1,N,6.984
437844 (1999 MN),20437844,True,True,0.674,0.665,2.03,0.226,1.12,202.0,1.78,108.0,21.01,,,5.495,,,,437844,0.00323598,0.000297196,3.48587e-14,10.8883,1,S,21.054
613995 (2008 NP3),20613995,True,False,1.0,0.334,1.43,0.669,1.34,368.0,0.978,4.28,22.85,0.193,0.023,,,,,613995,-0.00952346,0.000876253,-1.99747e-13,10.8684,Rej.,N,12.813
(2016 PF8),3756949,True,True,1.13,0.563,5.67,0.494,1.77,439.0,0.821,329.0,21.43,,,,,,,2016 PF8,0.0102822,0.000948743,1.75797e-13,10.8377,Rej.,N,19.83
(2015 EG),3712904,True,False,0.863,0.356,2.5,0.556,1.17,293.0,1.23,232.0,25.61,,,1.29,,,,2015 EG,-0.0100834,0.000936871,-1.92309e-13,10.7628,1,N,7.937
612094 (1999 NW2),20612094,True,False,1.12,0.109,8.68,0.995,1.24,431.0,0.836,80.0,23.27,,,4.2,,,,612094,-0.00342475,0.000329047,-8.42215e-14,10.4081,1,N,19.729
265482 (2005 EE),20265482,True,True,1.13,0.328,6.17,0.759,1.5,438.0,0.822,183.0,21.21,,,2.6534,,,,265482,0.00396322,0.00038495,8.85089e-14,10.2954,1,S,18.91
85953 (1999 FK21),20085953,True,False,0.739,0.703,12.6,0.219,1.26,232.0,1.55,259.0,18.09,0.59,0.32,28.08,,,,85953,-0.00137951,0.000134468,-1.41157e-14,10.259,1,N,52.178
(2021 GM1),54134666,True,False,0.978,0.0255,1.18,0.953,1.0,353.0,1.02,72.9,30.4,,,,,,,2021 GM1,-0.487617,0.0477267,-1.12776e-11,10.2168,Rej.,N,0.942
(2018 HG2),3819574,True,False,1.19,0.33,14.3,0.801,1.59,477.0,0.754,352.0,24.26,,,,,,,2018 HG2,-0.0186273,0.00187617,-4.2741e-13,9.92841,Rej.,N,20.526
264357 (2000 AZ93),20264357,True,True,0.747,0.36,8.59,0.478,1.02,236.0,1.53,202.0,21.17,0.113,0.037,,,,,264357,-0.00272009,0.000274962,-4.8162e-14,9.89259,1,S,21.903
(2017 OU18),3778624,True,False,0.826,0.377,30.4,0.514,1.14,274.0,1.31,206.0,23.98,,,,,,,2017 OU18,0.0050893,0.000517278,9.33919e-14,9.8386,1,N,11.989
(2005 RZ2),3289743,True,False,1.11,0.103,13.2,0.992,1.22,425.0,0.847,47.3,23.3,,,,,,,2005 RZ2,-0.00509821,0.000523319,-1.24946e-13,9.74206,1,S,14.508
326290 Akhenaten (1998 HE3),20326290,True,True,0.879,0.44,3.38,0.492,1.27,301.0,1.2,63.6,21.83,,,,,,,326290,-0.00178066,0.000182864,-3.16933e-14,9.73762,1,V,28.016
216985 (2000 QK130),20216985,True,True,1.18,0.262,4.72,0.871,1.49,469.0,0.768,305.0,21.34,,,,,,,216985,0.00445685,0.000463975,1.06222e-13,9.60581,1,N,22.308
(1996 AE2),3008362,True,False,1.37,0.257,37.4,1.02,1.72,584.0,0.616,270.0,20.23,,,,,,,1996 AE2,0.00205404,0.000215521,5.28365e-14,9.53058,1,N,24.052
488453 (1994 XD),20488453,True,True,2.34,0.734,4.33,0.624,4.06,1310.0,0.275,233.0,19.24,,,2.7365,,,,488453,0.00137359,0.000145685,2.28397e-14,9.42848,1,S,28.531
(2009 OS5),3465236,True,False,1.15,0.0994,1.71,1.03,1.26,449.0,0.801,146.0,24.4,,,,,,,2009 OS5,-0.0130499,0.00139317,-3.25642e-13,9.36705,1,N,11.146
613862 (2007 UY1),20613862,True,False,0.949,0.176,1.02,0.782,1.12,338.0,1.07,302.0,23.1,,,,,,,613862,-0.00819709,0.000877417,-1.82462e-13,9.34229,1,N,14.297
(2005 VL1),3297629,True,False,0.891,0.225,0.236,0.691,1.09,307.0,1.17,49.7,26.45,,,,,,,2005 VL1,-0.0102745,0.00110556,-2.16874e-13,9.29348,1,N,16.082
3361 Orpheus (1982 HR),20003361,True,True,1.21,0.323,2.65,0.819,1.6,486.0,0.74,321.0,19.54,0.3,0.357,3.5327,,,,3361,0.000860842,9.37451e-05,1.99723e-14,9.1828,1,S,39.8
481442 (2006 WO3),20481442,True,False,0.8,0.447,21.2,0.442,1.16,261.0,1.38,346.0,21.58,,,,,,,481442,-0.00335774,0.000366546,-5.65543e-14,9.16048,1,N,20.071
216523 (2001 HY7),20216523,True,True,0.914,0.412,5.21,0.537,1.29,319.0,1.13,181.0,20.7,,,0.042,,,,216523,0.00205604,0.000226606,3.8427e-14,9.07319,1,S,22.207
(2000 EM26),3092253,True,False,0.817,0.467,3.84,0.436,1.2,270.0,1.33,60.6,22.51,,,,,,,2000 EM26,-0.00991324,0.00109455,-1.65047e-13,9.05691,1,N,20.145
297418 (2000 SP43),20297418,True,True,0.812,0.467,10.3,0.433,1.19,267.0,1.35,250.0,18.52,0.407,0.388,6.314,,,,297418,-0.00130648,0.000144271,-2.16703e-14,9.05574,1,V,22.253
(2008 DB),3403149,True,False,1.05,0.233,4.22,0.808,1.3,395.0,0.912,211.0,25.8,,,,,,,2008 DB,-0.0588542,0.00655387,-1.34594e-12,8.98008,Rej.,N,13.057
455176 (1999 VF22),20455176,True,True,1.31,0.739,3.92,0.343,2.28,549.0,0.655,146.0,20.71,,,6.681,,,,455176,-0.00393878,0.000438707,-4.83084e-14,8.97815,1,N,22.283
162004 (1991 VE),20162004,True,False,0.891,0.665,7.22,0.299,1.48,307.0,1.17,263.0,18.29,,,13.4895,,,,162004,0.00204832,0.000229502,2.54142e-14,8.92505,Rej.,N,68.071
99907 (1989 VA),20099907,True,False,0.728,0.595,28.8,0.295,1.16,227.0,1.59,156.0,17.94,1.4,,2.5246,,,,99907,0.00126128,0.000142049,1.63838e-14,8.87919,1,N,33.131
310842 (2003 AK18),20310842,True,False,0.877,0.384,7.4,0.54,1.21,300.0,1.2,64.7,19.83,,,5.3257,,,,310842,-0.00200148,0.000226783,-3.76145e-14,8.82553,1,N,19.214
4179 Toutatis (1989 AC),20004179,True,True,2.54,0.625,0.448,0.954,4.13,1480.0,0.243,76.9,15.29,5.4,0.405,176.0,,,,4179,-0.000272046,3.09016e-05,-6.15092e-15,8.80362,1,S,89.341
(2021 UN7),54214728,True,False,0.999,0.393,20.3,0.606,1.39,365.0,0.987,97.0,23.36,,,,,,,2021 UN7,-0.0142823,0.00164033,-2.84062e-13,8.70696,1,N,8.044
(2013 GZ7),3634186,True,False,1.41,0.192,5.28,1.14,1.67,609.0,0.591,213.0,24.0,,,,,,,2013 GZ7,-0.00244837,0.000282283,-6.58434e-14,8.67344,Rej.,N,20.131
796478 (2009 WF),20796478,True,False,1.39,0.329,15.8,0.93,1.84,596.0,0.604,338.0,19.78,,,,,,,2009 WF,0.00992309,0.00115746,2.45347e-13,8.57314,Rej.,N,26.196
330659 (2008 GG2),20330659,True,False,1.59,0.278,13.0,1.15,2.03,730.0,0.493,292.0,23.01,,,,,,,330659,0.00318565,0.000372038,8.72153e-14,8.5627,1,S,18.114
175706 (1996 FG3),20175706,True,True,1.05,0.35,1.97,0.685,1.42,396.0,0.91,36.7,18.3,1.196,0.072,3.5942,,,,175706,-0.00056997,6.68344e-05,-1.20935e-14,8.52809,1,C,37.47
480820 (1998 VF32),20480820,True,True,0.851,0.444,23.7,0.473,1.23,287.0,1.26,46.6,20.97,,,,,,,480820,0.00158394,0.000185815,2.76305e-14,8.52426,1,X,22.015
2062 Aten (1976 AA),20002062,True,False,0.967,0.183,18.9,0.79,1.14,347.0,1.04,32.6,17.11,1.1,0.26,42.15,,,,2062,-0.000628154,7.54395e-05,-1.40592e-14,8.3266,1,Q,63.899
10302 (1989 ML),20010302,True,False,1.27,0.137,4.38,1.1,1.45,524.0,0.686,122.0,19.44,,,19.2406,,,,10302,0.00172402,0.000208107,4.49395e-14,8.28429,1,E,33.539
595116 (2001 QE96),20595116,True,False,1.31,0.0281,7.27,1.27,1.35,548.0,0.657,320.0,22.77,,,,,,,595116,-0.00505709,0.000614229,-1.36234e-13,8.23323,1,N,21.032
796120 (2009 EM1),20796120,True,False,2.53,0.554,18.0,1.13,3.93,1470.0,0.245,61.2,23.0,,,,,,,2009 EM1,-0.0118362,0.00145603,-3.03695e-13,8.12912,Rej.,S,12.011
385186 (1994 AW1),20385186,True,True,1.1,0.0756,24.1,1.02,1.19,424.0,0.849,295.0,17.64,0.811,0.223,2.5193,,,,385186,0.000486579,6.05113e-05,1.19771e-14,8.04111,1,L,36.224
470975 (2009 SC15),20470975,True,False,1.26,0.179,6.84,1.04,1.49,520.0,0.693,341.0,21.43,,,10.354,,,,470975,-0.00449069,0.00056058,-1.15146e-13,8.01081,1,S,20.641
510529 (2012 EY11),20510529,True,True,1.15,0.151,9.02,0.975,1.32,450.0,0.801,145.0,21.58,,,,,,,510529,-0.00543073,0.000688419,-1.33924e-13,7.8887,1,N,22.051
(2014 WF497),3701710,True,False,1.11,0.222,28.4,0.864,1.36,427.0,0.843,232.0,20.34,,,,,,,2014 WF497,0.00728239,0.000928765,1.71778e-13,7.84094,Rej.,N,20.074
(1997 YM9),3092168,True,False,1.1,0.104,7.84,0.982,1.21,419.0,0.859,82.7,24.36,,,,,,,1997 YM9,0.00413127,0.00053109,1.00741e-13,7.77885,1,N,8.348
(1999 UQ),3092237,True,False,1.09,0.0156,24.8,1.08,1.11,418.0,0.861,92.4,21.87,,,,,,,1999 UQ,-0.00414999,0.000537129,-1.022e-13,7.72624,1,N,23.65
(1994 WR12),3005969,True,False,0.757,0.397,6.85,0.456,1.06,240.0,1.5,153.0,22.4,,,,,,,1994 WR12,-0.0108863,0.00141065,-1.87812e-13,7.71719,1,N,27.165
348306 (2005 AY28),20348306,True,True,0.873,0.57,5.88,0.375,1.37,298.0,1.21,92.3,21.55,,,,,,,348306,-0.00473218,0.000614311,-7.02449e-14,7.70322,1,N,16.983
412976 (1987 WC),20412976,True,False,1.36,0.234,15.8,1.04,1.68,581.0,0.62,5.03,19.9,,,,,,,412976,0.0026462,0.000344521,6.87526e-14,7.68081,1,C,35.19
363505 (2003 UC20),20363505,True,True,0.781,0.337,3.78,0.518,1.04,252.0,1.43,118.0,18.47,1.876,0.029,29.6,,,,363505,-0.000424475,5.5308e-05,-7.83047e-15,7.67475,1,N,67.028
499998 (2011 PT),20499998,True,False,1.32,0.217,2.22,1.03,1.6,551.0,0.653,140.0,24.01,,,,,,,499998,-0.00873178,0.00114873,-2.24698e-13,7.60122,1,N,6.297
164207 Cardea (2004 GU9),20164207,True,True,1.0,0.136,13.7,0.865,1.14,366.0,0.984,97.3,21.19,0.163,0.219,,,,,164207,-0.00267124,0.00035223,-6.17822e-14,7.5838,1,S,21.952
6489 Golevka (1991 JX),20006489,True,True,2.48,0.619,2.26,0.944,4.01,1420.0,0.253,252.0,19.22,0.53,0.151,6.026,,,,6489,-0.00053018,7.00851e-05,-1.25076e-14,7.5648,1,Q,24.553
(2000 AA6),3025766,True,True,1.29,0.519,2.03,0.618,1.95,533.0,0.676,219.0,22.44,0.316,0.026,,,,,2000 AA6,0.00714094,0.000946907,1.39301e-13,7.54133,Rej.,N,19.009
152671 (1998 HL3),20152671,True,True,1.13,0.366,2.68,0.716,1.54,438.0,0.822,255.0,20.24,0.298,0.2,,,,,152671,-0.00229334,0.000308055,-4.96914e-14,7.44456,1,N,24.928
(2022 QX4),54297628,True,False,0.681,0.505,0.138,0.337,1.02,205.0,1.75,99.7,24.7,,,0.088812,,,,2022 QX4,-0.0287727,0.00386977,-4.16668e-13,7.43526,1,N,9.092
350523 (2000 EA14),20350523,True,True,1.12,0.203,3.56,0.891,1.34,432.0,0.834,13.6,21.16,,,,,,,350523,0.00282663,0.000382406,6.7461e-14,7.39171,1,S,19.258
467351 (2003 KO2),20467351,True,True,0.728,0.511,23.5,0.356,1.1,227.0,1.59,266.0,20.36,,,6.48,,,,467351,0.00205213,0.000277777,3.04694e-14,7.3877,1,N,18.078
494710 (2005 MO13),20494710,True,True,0.863,0.411,6.32,0.509,1.22,293.0,1.23,23.1,20.75,,,,,,,494710,-0.00308348,0.00042045,-5.60928e-14,7.33376,1,C,19.967
(2018 GY),3802409,True,False,0.767,0.406,8.75,0.455,1.08,245.0,1.47,298.0,24.83,,,,,,,2018 GY,-0.017828,0.00243387,-3.06706e-13,7.32496,1,N,4.027
334412 (2002 EZ2),20334412,True,False,1.25,0.046,13.0,1.19,1.31,510.0,0.706,149.0,20.32,,,34.077,,,,334412,-0.00209749,0.000289075,-5.50886e-14,7.25588,1,S,21.361
(2012 UK171),3615463,True,False,0.859,0.223,1.29,0.667,1.05,291.0,1.24,272.0,24.46,,,,,,,2012 UK171,-0.00223149,0.000313591,-4.63092e-14,7.11592,1,N,8.219
416151 (2002 RQ25),20416151,True,False,1.11,0.306,4.57,0.771,1.45,428.0,0.841,10.7,20.67,,,12.191,,,,416151,0.00267955,0.000377164,6.02849e-14,7.10448,1,L,20.238
154590 (2003 MA3),20154590,True,True,1.11,0.402,1.42,0.661,1.55,424.0,0.848,36.3,21.7,0.086,0.53,,,,,154590,-0.00410863,0.000579784,-8.52688e-14,7.08648,1,N,20.309
(2015 KJ19),3719475,True,False,2.08,0.745,2.55,0.531,3.63,1100.0,0.328,198.0,22.51,,,,,,,2015 KJ19,0.0168665,0.00238921,2.54993e-13,7.05943,1,C,6.064
747011 (2012 PG6),20747011,True,False,0.837,0.616,6.53,0.321,1.35,280.0,1.29,356.0,20.24,,,10.58,,,,2012 PG6,0.00513801,0.000728081,6.87079e-14,7.05692,1,S,20.101
(2018 KC2),3825017,True,False,1.16,0.232,4.48,0.892,1.43,457.0,0.787,109.0,22.89,,,,,,,2018 KC2,0.0127863,0.00182445,3.06939e-13,7.00829,Rej.,N,10.029
(2005 TF49),3293832,True,True,1.04,0.0254,24.5,1.02,1.07,389.0,0.926,34.7,19.05,,,,,,,2005 TF49,-0.0013109,0.000188163,-3.14893e-14,6.96683,Rej.,N,33.55
(2012 HL31),3603128,True,False,0.888,0.374,19.8,0.556,1.22,305.0,1.18,226.0,22.43,,,,,,,2012 HL31,-0.00657734,0.000947271,-1.25504e-13,6.94347,1,N,9.999
(2010 VK139),3551475,True,False,0.78,0.282,27.0,0.56,1.0,252.0,1.43,103.0,23.71,0.055,0.196,0.0299522,,,,2010 VK139,-0.00769662,0.00110916,-1.47123e-13,6.93912,1,N,11.012
66400 (1999 LT7),20066400,True,False,0.855,0.573,9.06,0.366,1.35,289.0,1.25,25.6,19.27,0.411,0.182,,,,,66400,-0.00166537,0.000242318,-2.43837e-14,6.87266,1,N,35.151
(2021 FR1),54132420,True,False,1.08,0.392,6.96,0.658,1.5,411.0,0.876,320.0,22.39,,,,,,,2021 FR1,-0.0581567,0.00846994,-1.20588e-12,6.86624,Rej.,N,10.768
422686 (2000 AC6),20422686,True,True,0.854,0.287,4.7,0.609,1.1,288.0,1.25,115.0,21.63,0.176,0.143,2.4437,,,,422686,0.00198186,0.000291381,3.95759e-14,6.8016,1,S,22.012
357622 (2005 EY95),20357622,True,True,1.08,0.538,3.17,0.5,1.67,412.0,0.874,187.0,20.32,,,3.925,,,,357622,-0.00234372,0.000346512,-4.07938e-14,6.76375,1,N,20.895
(2012 UU136),3614397,True,True,1.16,0.212,35.6,0.914,1.41,456.0,0.789,269.0,21.45,,,,,,,2012 UU136,0.00404558,0.000600761,9.80039e-14,6.73409,Rej.,N,20.022
(2000 CK59),3031776,True,False,1.48,0.311,5.71,1.02,1.94,655.0,0.549,137.0,24.1,,,,,,,2000 CK59,-0.00715646,0.0010696,-1.84925e-13,6.69078,1,N,8.999
283457 (2001 MQ3),20283457,True,False,2.24,0.455,5.57,1.22,3.25,1220.0,0.295,91.6,19.1,,,,,,,283457,-0.00197923,0.000296781,-5.51202e-14,6.66898,1,X,70.015
424392 (2007 YJ),20424392,True,False,1.1,0.28,3.31,0.795,1.41,423.0,0.851,39.4,22.12,0.239,0.054,,,,,424392,-0.00712048,0.00107048,-1.6236e-13,6.65166,1,N,14.946
(2011 PU1),3574830,True,False,1.3,0.246,4.36,0.983,1.62,544.0,0.662,236.0,25.6,,,,,,,2011 PU1,-0.0175863,0.00264723,-4.4443e-13,6.64329,1,N,5.722
492143 (2013 OE),20492143,True,False,2.03,0.509,9.79,0.998,3.07,1060.0,0.34,7.92,17.65,,,77.51,,,,492143,0.0108178,0.00163759,2.68902e-13,6.60596,Rej.,M,32.734
(2010 XX72),3554011,True,False,0.903,0.284,4.47,0.647,1.16,314.0,1.15,330.0,22.06,,,,,,,2010 XX72,-0.00778087,0.00118481,-1.60146e-13,6.56716,1,N,12.03
2101 Adonis (1936 CA),20002101,True,True,1.87,0.764,1.32,0.442,3.31,937.0,0.384,24.5,18.69,0.6,,,,,,2101,-0.00230349,0.000352815,-3.09243e-14,6.52888,1,N,84.323
4581 Asclepius (1989 FC),20004581,True,True,1.02,0.357,4.92,0.658,1.39,378.0,0.953,233.0,20.74,,,8.008,,,,4581,-0.0017353,0.00026613,-3.60543e-14,6.5205,1,X,32.049
(2015 XC352),3736678,True,False,1.02,0.146,4.48,0.867,1.16,374.0,0.964,173.0,25.82,,,,,,,2015 XC352,-0.032304,0.00497414,-7.5066e-13,6.49438,Rej.,N,3.578
(2011 JW10),3565395,True,False,1.31,0.215,21.6,1.03,1.59,548.0,0.657,193.0,23.14,,,,,,,2011 JW10,-0.00790606,0.00121866,-2.03239e-13,6.4875,1,N,12.052
69230 Hermes (1937 UB),20069230,True,True,1.66,0.624,6.07,0.622,2.69,778.0,0.463,105.0,17.68,,,13.894,,,,69230,-0.000615884,9.55055e-05,-1.1394e-14,6.44867,1,N,85.654
(1994 GL),3092124,True,False,0.683,0.504,3.68,0.339,1.03,206.0,1.74,163.0,25.5,,,,,,,1994 GL,0.0305503,0.00476214,4.43709e-13,6.41526,1,N,25.999
33342 (1998 WT24),20033342,True,True,0.719,0.418,7.37,0.419,1.02,223.0,1.62,315.0,18.02,0.432,0.654,3.697,,,,33342,-0.00149289,0.000232787,-2.45931e-14,6.41312,1,K,23.242
(2020 FW6),54016425,True,False,1.31,0.299,25.5,0.92,1.7,548.0,0.656,211.0,23.22,,,,,,,2020 FW6,-0.00528521,0.000825018,-1.29812e-13,6.40618,1,N,12.03
506590 (2005 XB1),20506590,True,False,1.13,0.419,8.71,0.658,1.61,440.0,0.819,292.0,21.97,0.099,0.287,,,,,506590,0.00540607,0.000851566,1.1163e-13,6.34839,1,N,16.307
481965 (2009 EB1),20481965,True,False,1.11,0.454,12.5,0.604,1.61,425.0,0.847,324.0,20.69,,,,,,,481965,-0.00277187,0.000436923,-5.44908e-14,6.34407,1,N,21.895
388188 (2006 DP14),20388188,True,True,1.36,0.776,11.8,0.305,2.42,582.0,0.618,164.0,19.0,,,5.7868,,,,388188,-0.00299619,0.000475571,-3.27734e-14,6.3002,1,N,16.077
163000 (2001 SW169),20163000,True,False,1.25,0.0514,3.55,1.18,1.31,509.0,0.707,168.0,19.25,,,69.97,,,,163000,-0.00132922,0.000211006,-3.48793e-14,6.29943,1,S,25.153
467460 (2006 JF42),20467460,True,True,0.672,0.582,5.94,0.281,1.06,201.0,1.79,304.0,19.05,,,13.98,,,,467460,0.00268474,0.000429884,3.42893e-14,6.24528,1,X,17.073
162361 (2000 AF6),20162361,True,True,0.876,0.411,2.71,0.516,1.24,299.0,1.2,310.0,20.24,,,3.4558,,,,162361,0.00162261,0.000261003,2.9739e-14,6.21684,1,N,32.074
(2007 RY19),3384484,True,False,1.11,0.253,12.6,0.827,1.39,426.0,0.846,147.0,22.75,,,,,,,2007 RY19,-0.00537468,0.000884232,-1.24648e-13,6.07836,1,N,13.993
4034 Vishnu (1986 PA),20004034,True,True,1.06,0.444,11.2,0.589,1.53,398.0,0.904,262.0,18.49,0.42,0.52,44.4,,,,4034,-0.00184073,0.00030607,-3.58242e-14,6.01408,1,Q,36.036
163023 (2001 XU1),20163023,True,False,0.797,0.546,27.1,0.362,1.23,260.0,1.38,350.0,19.52,,,,,,,163023,0.00308809,0.000517791,4.555e-14,5.96396,1,N,20.12
612358 (2002 JE9),20612358,True,True,1.07,0.417,8.77,0.622,1.51,402.0,0.896,200.0,21.4,,,,,,,612358,-0.00392106,0.000658367,-7.8854e-14,5.95574,1,N,21.982
467336 (2002 LT38),20467336,True,True,0.845,0.314,6.18,0.58,1.11,284.0,1.27,268.0,20.61,,,14.95,,,,467336,0.00149077,0.000251222,2.9094e-14,5.93406,1,N,21.076
(2006 KS1),3333612,True,False,1.47,0.315,3.65,1.01,1.93,651.0,0.553,6.85,25.41,,,,,,,2006 KS1,0.239572,0.0404431,6.16194e-12,5.92369,Rej.,N,16.03
745311 (2010 XC15),20745311,True,True,0.732,0.42,8.24,0.425,1.04,229.0,1.57,95.6,21.48,,,2.673,,,,2010 XC15,-0.00978819,0.00165439,-1.63298e-13,5.91649,1,N,12.06
(2015 TC25),3729281,True,False,1.03,0.116,3.74,0.909,1.15,381.0,0.945,181.0,29.34,,,0.03715,,,,2015 TC25,4.64561,0.78839,1.09452e-10,5.89253,Rej.,N,1.539
242191 (2003 NZ6),20242191,True,False,0.793,0.492,18.2,0.403,1.18,258.0,1.39,132.0,19.02,0.37,0.334,13.531,,,,242191,0.00163719,0.000277942,2.60169e-14,5.89041,1,S,19.05
8014 (1990 MF),20008014,True,True,1.75,0.456,1.87,0.951,2.54,844.0,0.427,102.0,18.88,0.7,,50.09,,,,8014,-0.000974993,0.000166662,-2.40318e-14,5.85012,1,S,31.8
310442 (2000 CH59),20310442,True,True,0.862,0.423,3.26,0.497,1.23,292.0,1.23,218.0,19.82,,,6.0542,,,,310442,0.00213081,0.000366371,3.82653e-14,5.81599,1,Q,21.016
613471 (2006 RJ1),20613471,True,False,0.95,0.3,1.41,0.665,1.24,338.0,1.06,20.0,22.27,,,,,,,613471,-0.00919667,0.0015818,-1.92065e-13,5.81405,1,N,14.272
452334 (2001 LB),20452334,True,False,1.24,0.189,20.8,1.0,1.47,502.0,0.717,325.0,21.08,,,,,,,452334,-0.00104343,0.000179551,-2.63399e-14,5.81136,1,X,22.01
337248 (2000 RH60),20337248,True,False,0.826,0.551,19.6,0.371,1.28,274.0,1.31,21.5,20.08,0.846,0.025,25.2,,,,337248,-0.0024044,0.000413923,-3.58156e-14,5.80881,Rej.,N,21.122
(1998 KY26),3012392,True,False,1.23,0.2,1.49,0.983,1.47,498.0,0.724,0.983,25.91,0.011,0.52,0.089193,,,,1998 KY26,-0.00917058,0.00158146,-2.29986e-13,5.79882,1,N,22.552
(2014 WF201),3698475,True,False,1.11,0.111,8.5,0.988,1.23,428.0,0.841,171.0,25.59,,,0.4743,,,,2014 WF201,-0.0906285,0.015841,-2.22037e-12,5.72115,Rej.,B,7.014
(2019 QU2),3843622,True,False,0.824,0.705,11.3,0.243,1.4,273.0,1.32,11.4,22.21,,,,,,,2019 QU2,-0.00633625,0.00111041,-6.81698e-14,5.70621,1,N,18.045
(2008 LG2),3413165,True,False,0.851,0.23,3.06,0.656,1.05,287.0,1.26,252.0,25.34,,,,,,,2008 LG2,-0.0264109,0.00463117,-5.445e-13,5.70286,1,N,15.031
(1999 SH10),3022971,True,False,1.1,0.131,9.59,0.955,1.24,421.0,0.856,313.0,22.75,,,0.1264,,,,1999 SH10,-0.00245949,0.000431833,-5.96509e-14,5.69547,1,A,22.965
350751 (2002 AW),20350751,True,True,1.07,0.257,0.574,0.796,1.35,405.0,0.889,37.7,20.82,,,4.647,,,,350751,-0.00240204,0.000423782,-5.46857e-14,5.66811,1,N,31.797
306383 (1993 VD),20306383,True,True,0.876,0.552,2.07,0.393,1.36,299.0,1.2,127.0,21.49,,,0.94345,,,,306383,-0.00163629,0.000289523,-2.50985e-14,5.65166,1,N,28.153
138852 (2000 WN10),20138852,True,False,1.0,0.298,21.5,0.703,1.3,366.0,0.983,91.1,20.3,,,4.4622,,,,138852,0.0015861,0.000281193,3.40408e-14,5.64061,1,S,22.092
443880 (2001 UZ16),20443880,True,True,1.76,0.427,12.7,1.01,2.51,853.0,0.422,129.0,19.38,0.228,0.593,13.719,,,,443880,-0.00204591,0.000364149,-5.23009e-14,5.61833,1,C,21.054
(1997 XE10),3007642,True,False,1.87,0.478,6.29,0.977,2.77,935.0,0.385,328.0,24.53,,,,,,,1997 XE10,0.0286585,0.00511052,7.12936e-13,5.60775,Rej.,N,23.08
416002 (2002 BN),20416002,True,False,0.875,0.546,27.8,0.397,1.35,299.0,1.2,305.0,20.49,,,,,,,416002,-0.00414861,0.000741215,-6.40985e-14,5.59705,1,N,18.026
465617 (2009 EK1),20465617,True,True,1.24,0.229,9.12,0.957,1.53,505.0,0.713,155.0,21.36,,,,,,,465617,-0.0045441,0.000813554,-1.12963e-13,5.58549,Rej.,N,21.391
614470 Flordeneu (2009 ST19),20614470,True,True,2.36,0.595,6.73,0.954,3.76,1320.0,0.272,168.0,18.38,,,,,,,614470,0.0140767,0.00252375,3.31201e-13,5.57772,Rej.,N,22.133
153201 (2000 WO107),20153201,True,True,0.911,0.781,7.77,0.2,1.62,318.0,1.13,313.0,19.3,0.51,0.129,5.022,,,,153201,-0.00235278,0.000422844,-2.06622e-14,5.56417,Rej.,M,22.127
412983 (1996 FO3),20412983,True,True,1.44,0.29,5.81,1.02,1.86,632.0,0.569,72.4,20.16,,,,,,,412983,-0.00319114,0.000575201,-8.26533e-14,5.54787,1,N,26.166
478784 (2012 UV136),20478784,True,False,1.01,0.14,2.1,0.868,1.15,370.0,0.973,245.0,25.6,,,,,,,478784,-0.00391848,0.000707056,-9.08345e-14,5.54197,1,N,8.613
741081 (2005 LW3),20741081,True,True,1.44,0.464,6.02,0.772,2.11,630.0,0.571,293.0,21.67,,,3.6,,,,2005 LW3,-0.00340604,0.000616367,-7.54562e-14,5.52599,1,N,17.593
153814 (2001 WN5),20153814,True,True,1.71,0.467,1.92,0.912,2.51,818.0,0.44,287.0,18.28,0.932,0.097,4.253,,,,153814,0.00448789,0.000815342,1.08123e-13,5.5043,Rej.,C,27.006
4688 (1980 WF),20004688,True,False,2.23,0.518,6.37,1.08,3.39,1220.0,0.295,163.0,19.6,0.6,0.18,,,,,4688,-0.00136175,0.000249036,-3.51736e-14,5.46809,1,S,40.353
192559 (1998 VO),20192559,True,True,1.07,0.227,10.1,0.831,1.32,407.0,0.884,176.0,20.43,,,,,,,192559,-0.00157392,0.000288965,-3.64497e-14,5.44673,1,N,20.008
410777 (2009 FD),20410777,True,False,1.16,0.493,3.12,0.59,1.74,459.0,0.785,50.4,22.18,0.472,0.01,4.0,,,,410777,0.00383728,0.000707924,7.37763e-14,5.42046,1,C,11.726
199145 (2005 YY128),20199145,True,True,1.65,0.732,3.77,0.441,2.86,773.0,0.466,87.7,18.3,,,15.59,,,,199145,0.00698316,0.00129333,9.82011e-14,5.39937,Rej.,N,53.04
251732 (1998 HG49),20251732,True,False,1.2,0.113,4.19,1.07,1.34,480.0,0.749,188.0,21.76,,,,,,,251732,-0.00372337,0.000692312,-9.48557e-14,5.37816,1,N,25.038
(2003 GQ22),3152317,True,True,0.872,0.181,17.0,0.714,1.03,298.0,1.21,105.0,21.34,,,,,,,2003 GQ22,0.00459633,0.000861131,9.77189e-14,5.33756,1,N,18.1
29075 (1950 DA),20029075,True,True,1.7,0.508,12.2,0.837,2.56,809.0,0.445,41.3,17.28,1.3,0.07,2.1216,,,,29075,-0.000272929,5.11567e-05,-6.21423e-15,5.33516,1,L,73.41
(2012 HN13),3602837,True,False,1.41,0.308,4.07,0.974,1.84,611.0,0.59,7.88,22.96,,,,,,,2012 HN13,-0.00414045,0.000782549,-1.0474e-13,5.29098,1,N,10.431
(2010 FX9),3512704,True,False,1.13,0.367,3.77,0.716,1.55,440.0,0.819,64.8,24.06,0.03,0.425,,,,,2010 FX9,-0.010992,0.0020822,-2.38242e-13,5.27901,1,N,12.019
(2005 TG50),3293922,True,False,0.923,0.135,2.39,0.798,1.05,324.0,1.11,75.2,24.83,,,,,,,2005 TG50,-0.0103111,0.00195386,-2.29189e-13,5.27728,Rej.,N,16.014
526798 (2007 AA9),20526798,True,False,0.858,0.42,6.8,0.497,1.22,290.0,1.24,5.44,22.58,,,,,,,526798,-0.00596005,0.00113486,-1.07031e-13,5.25181,1,N,16.099
(2005 EY169),3274304,True,False,1.31,0.233,20.9,1.0,1.61,546.0,0.66,274.0,22.29,,,,,,,2005 EY169,-0.00500398,0.000962455,-1.27426e-13,5.19918,1,N,2.973
612050 (1997 GL3),20612050,True,True,2.27,0.784,6.68,0.49,4.05,1250.0,0.288,139.0,19.14,,,7.572,,,,612050,-0.00229874,0.000443743,-3.18679e-14,5.18034,1,V,24.172
(2008 BP16),3401191,True,False,0.829,0.65,29.2,0.29,1.37,276.0,1.31,120.0,21.81,,,,,,,2008 BP16,-0.00645744,0.00125089,-8.00103e-14,5.16229,1,N,14.968
2063 Bacchus (1977 HB),20002063,True,False,1.08,0.349,9.43,0.701,1.45,409.0,0.881,235.0,17.21,1.024,0.203,14.904,,,,2063,-0.000559025,0.000108331,-1.19994e-14,5.16036,1,Q,46.218
(2017 BM123),3768609,True,False,1.31,0.297,7.83,0.922,1.7,549.0,0.656,265.0,23.81,,,2.1503,,,,2017 BM123,-0.00336603,0.000654189,-8.27887e-14,5.14535,1,N,6.089
(2002 EW8),3117430,True,False,1.85,0.46,11.4,0.998,2.7,917.0,0.393,168.0,23.84,,,,,,,2002 EW8,0.00682734,0.0013306,1.72219e-13,5.13103,1,N,15.107
(2015 LA2),3720924,True,False,0.883,0.281,7.71,0.635,1.13,303.0,1.19,14.5,23.01,,,,,,,2015 LA2,-0.00529849,0.00103927,-1.08014e-13,5.09828,1,N,10.021
204131 (2003 YL),20204131,True,False,1.15,0.632,5.65,0.421,1.87,448.0,0.803,8.47,19.94,,,10.27,,,,204131,-0.00307441,0.000604044,-4.65122e-14,5.08971,1,N,21.076
(2002 GD10),3120896,True,False,1.22,0.131,19.2,1.06,1.38,490.0,0.734,222.0,22.71,,,0.7356,,,,2002 GD10,-0.010164,0.00199855,-2.5952e-13,5.08566,1,N,19.543
(2008 WT62),3440396,True,False,0.884,0.354,18.2,0.571,1.2,304.0,1.19,33.9,23.11,,,,,,,2008 WT62,-0.0160259,0.00316016,-3.10465e-13,5.07122,1,N,9.979
(2014 US7),3693721,True,False,0.859,0.273,9.86,0.624,1.09,291.0,1.24,83.6,26.6,,,,,,,2014 US7,-0.269982,0.0532839,-5.46183e-12,5.06687,Rej.,N,4.0
(2013 BA74),3625704,True,False,1.75,0.445,5.22,0.975,2.53,849.0,0.424,171.0,25.4,,,,,,,2013 BA74,0.0307249,0.00607127,7.6947e-13,5.0607,Rej.,N,7.006
19356 (1997 GH3),20019356,True,False,2.51,0.558,3.01,1.11,3.91,1450.0,0.248,93.2,17.0,0.91,0.34,6.714,,,,19356,-0.00758236,0.00149877,-1.91037e-13,5.05905,Rej.,S,28.09
433 Eros (A898 PA),20000433,True,False,1.46,0.223,10.8,1.13,1.78,643.0,0.56,311.0,10.38,16.84,0.25,5.27,0.0004463,,,433,-7.25751e-05,1.43526e-05,-1.96112e-15,5.05658,Rej.,S,95.091
152828 (1999 VT25),20152828,True,True,1.16,0.523,5.15,0.554,1.77,458.0,0.787,208.0,21.26,,,,,,,152828,0.00378427,0.000751863,6.97632e-14,5.0332,1,N,20.843
457662 (2009 DZ),20457662,True,True,1.45,0.302,14.1,1.01,1.89,640.0,0.562,214.0,22.0,,,,,,,457662,-0.00316727,0.000637552,-8.17016e-14,4.96787,1,N,14.105
375505 (2008 UN90),20375505,True,False,1.4,0.126,17.5,1.23,1.58,608.0,0.592,121.0,20.2,,,,,,,375505,0.00436965,0.000879922,1.20018e-13,4.96595,Rej.,N,22.467
154007 (2002 BY),20154007,True,False,1.82,0.347,2.73,1.19,2.45,895.0,0.402,190.0,18.12,,,14.91,,,,154007,0.00482685,0.00097274,1.34879e-13,4.96211,Rej.,M,37.539
152667 (1998 FR11),20152667,True,False,2.81,0.708,6.68,0.821,4.79,1720.0,0.21,293.0,16.43,,,,,,,152667,0.011287,0.00228152,2.23502e-13,4.94714,Rej.,N,66.845
267759 (2003 MC7),20267759,True,False,1.37,0.184,21.2,1.12,1.63,588.0,0.612,5.44,18.91,,,,,,,267759,-0.00114383,0.000231269,-3.04965e-14,4.94589,Rej.,N,68.821
(2011 GE3),3561029,True,False,0.815,0.293,6.24,0.576,1.05,268.0,1.34,120.0,25.88,,,,,,,2011 GE3,-0.0995559,0.0201697,-1.93264e-12,4.93592,Rej.,N,11.017
308635 (2005 YU55),20308635,True,True,1.16,0.43,0.34,0.659,1.65,454.0,0.792,146.0,21.91,0.4,,18.0,,,,308635,-0.00804651,0.00163056,-1.65283e-13,4.93481,Rej.,C,16.036
138404 (2000 HA24),20138404,True,True,1.14,0.319,2.16,0.776,1.5,444.0,0.811,104.0,19.39,,,3.9077,,,,138404,0.00100342,0.000204104,2.26627e-14,4.9162,1,S,40.835
455184 (2000 ED14),20455184,True,True,0.835,0.567,13.8,0.362,1.31,279.0,1.29,159.0,21.23,,,,,,,455184,0.00424945,0.000869264,6.20691e-14,4.88856,1,N,21.925
3908 Nyx (1980 PA),20003908,True,False,1.93,0.459,2.19,1.04,2.81,978.0,0.368,313.0,17.45,1.0,0.23,4.42601,,,,3908,0.000549214,0.000112462,1.41751e-14,4.88357,1,V,41.791
234341 (2001 FZ57),20234341,True,False,0.944,0.604,20.7,0.374,1.51,335.0,1.07,166.0,18.93,0.344,0.493,,,,,234341,-0.00229986,0.000472209,-3.34105e-14,4.87044,1,N,32.093
380818 (2005 YV128),20380818,True,False,0.923,0.512,14.1,0.45,1.4,324.0,1.11,235.0,20.67,,,,,,,380818,0.00294636,0.00060562,4.91651e-14,4.86503,1,N,17.213
329437 (2002 OA22),20329437,True,True,0.936,0.243,6.9,0.708,1.16,331.0,1.09,51.3,19.41,,,2.6214,,,,329437,0.00084132,0.000173015,1.80285e-14,4.8627,1,Q,20.887
230111 (2001 BE10),20230111,True,True,0.823,0.369,17.5,0.519,1.13,273.0,1.32,210.0,19.27,,0.253,4.194,,,,230111,-0.00129859,0.000269621,-2.39671e-14,4.81635,1,S,21.172
483459 (2002 EM6),20483459,True,False,1.16,0.141,31.8,0.996,1.32,456.0,0.789,239.0,20.32,,,,,,,483459,0.00178062,0.000369735,4.42518e-14,4.81593,1,N,20.504
437841 (1998 HD14),20437841,True,True,0.963,0.313,7.81,0.662,1.26,345.0,1.04,151.0,21.0,,,,,,,437841,-0.00224686,0.000468688,-4.6856e-14,4.79394,1,N,21.177
413577 (2005 UL5),20413577,True,True,0.936,0.57,14.3,0.403,1.47,331.0,1.09,313.0,20.34,,,3.4591,,,,413577,-0.00351423,0.000733325,-5.41177e-14,4.79219,1,Q,16.901
523801 (1993 TQ2),20523801,True,False,1.99,0.419,6.04,1.15,2.82,1020.0,0.352,145.0,20.02,,,,,,,523801,0.00150013,0.000314901,4.09767e-14,4.7638,1,S,28.471
397326 (2006 TC1),20397326,True,False,1.72,0.375,4.49,1.08,2.37,824.0,0.437,104.0,19.09,,,,,,,397326,0.000976105,0.000205478,2.59064e-14,4.7504,Rej.,N,70.278
491007 (2011 GL62),20491007,True,False,1.14,0.707,15.7,0.334,1.95,444.0,0.81,55.5,19.54,,,,,,,491007,-0.00429255,0.000904361,-5.39645e-14,4.74651,Rej.,N,22.097
446924 (2002 VV17),20446924,True,False,0.838,0.437,9.7,0.472,1.2,280.0,1.29,250.0,20.21,,,,,,,446924,-0.00195452,0.00041302,-3.40909e-14,4.73226,1,A,30.067
403775 (2011 HS4),20403775,True,True,0.938,0.68,5.46,0.3,1.58,332.0,1.08,101.0,20.9,,,,,,,403775,-0.00766914,0.00162344,-9.40393e-14,4.724,Rej.,N,21.095
136582 (1992 BA),20136582,True,False,1.34,0.068,10.5,1.25,1.43,568.0,0.634,157.0,19.87,,,,,,,136582,-0.0019563,0.000418016,-5.31172e-14,4.67997,1,N,30.995
4015 Wilson-Harrington (1979 VA),20004015,True,True,2.63,0.631,2.8,0.969,4.28,1550.0,0.232,274.0,16.19,4.0,0.05,3.5736,,,,4015,-0.000997098,0.000213269,-2.30164e-14,4.67531,Rej.,B,73.41
4947 Ninkasi (1988 TJ1),20004947,True,False,1.37,0.168,15.7,1.14,1.6,586.0,0.615,30.4,18.09,,,21.1,,,,4947,-0.00116192,0.00025037,-3.11164e-14,4.64083,1,A,45.385
612027 (1995 FJ),20612027,True,False,1.09,0.27,25.0,0.792,1.38,413.0,0.872,298.0,20.68,,,9.2,,,,612027,0.00214639,0.000463099,4.88015e-14,4.63483,1,N,26.99
267337 (2001 VK5),20267337,True,True,1.27,0.514,19.4,0.617,1.92,522.0,0.689,341.0,18.05,0.439,0.578,39.05,,,,267337,-0.00306215,0.000663804,-5.97562e-14,4.61302,1,N,20.134
457059 (2008 EG),20457059,True,False,0.943,0.739,26.8,0.246,1.64,334.0,1.08,34.2,20.05,,,,,,,457059,-0.0189474,0.00413857,-1.96584e-13,4.57824,Rej.,N,14.012
(2017 XO2),3791291,True,False,1.13,0.365,14.5,0.72,1.55,441.0,0.817,289.0,22.49,,,,,,,2017 XO2,-0.00448764,0.000985919,-9.75127e-14,4.55173,1,N,10.497
469445 (2002 LT24),20469445,True,False,0.72,0.496,0.766,0.363,1.08,223.0,1.61,302.0,22.14,0.143,0.136,,,,,469445,-0.0045936,0.00100922,-6.91971e-14,4.55163,1,N,19.006
613398 (2006 FK),20613398,True,False,0.923,0.343,14.6,0.606,1.24,324.0,1.11,223.0,21.25,,,,,,,613398,0.00356887,0.000784369,7.12019e-14,4.54999,1,N,16.044
162117 (1998 SD15),20162117,True,False,0.933,0.345,26.8,0.611,1.25,329.0,1.09,165.0,19.04,,,7.33,,,,162117,-0.000854653,0.000188622,-1.71234e-14,4.53103,1,N,19.885
523828 (1992 BC),20523828,True,False,1.42,0.352,14.3,0.921,1.92,619.0,0.581,305.0,19.96,,,,,,,523828,-0.00267666,0.000592079,-6.58247e-14,4.52077,1,N,29.684
(2010 WF3),3552574,True,False,1.08,0.268,10.8,0.788,1.36,408.0,0.883,10.2,21.0,,,,,,,2010 WF3,-0.00392824,0.000870421,-8.9075e-14,4.51303,1,N,19.132
417816 (2007 FA),20417816,True,True,1.25,0.266,16.3,0.918,1.58,510.0,0.705,54.3,20.27,,,,,,,417816,-0.00169163,0.000376356,-4.13965e-14,4.49476,1,X,21.84
(2006 BE55),3314045,True,True,1.2,0.424,2.4,0.688,1.7,477.0,0.754,347.0,21.98,,,5.61,,,,2006 BE55,-0.00608118,0.00135497,-1.28379e-13,4.48805,1,N,17.092
358453 (2007 EH88),20358453,True,False,1.12,0.441,12.1,0.627,1.62,435.0,0.828,115.0,19.83,,,,,,,358453,-0.00396724,0.000889775,-7.97105e-14,4.4587,Rej.,N,26.864
,,False,False,,,,,,,,,,,,,,,,4528 07,-0.00363485,0.000816422,-8.49564e-14,4.45217,1,S,15.351
(2020 PP1),54050999,True,False,1.01,0.0701,5.98,0.936,1.08,369.0,0.976,220.0,26.68,,,,,,,2001 OT,0.00400589,0.00090065,8.16633e-14,4.44777,1,Q,18.114
376879 (2001 WW1),20376879,True,False,1.21,0.122,21.7,1.06,1.36,486.0,0.741,332.0,22.35,,,,,,,2020 PP1,-0.021201,0.00477728,-4.96939e-13,4.43787,1,N,4.983
(2002 QQ40),3134259,True,True,1.21,0.564,1.72,0.53,1.9,489.0,0.736,68.4,21.48,,,,,,,376879,-0.00246072,0.000555262,-6.28016e-14,4.43164,1,N,19.973
26310 (1998 TX6),20026310,True,False,2.14,0.47,5.38,1.13,3.14,1140.0,0.315,270.0,19.28,,,,,,,2002 QQ40,0.0129447,0.00292925,2.291e-13,4.41913,1,N,15.964
474179 (1999 VS6),20474179,True,False,1.2,0.223,28.0,0.93,1.46,479.0,0.752,250.0,19.08,,,15.88,,,,26310,-0.000934467,0.000212272,-2.51316e-14,4.40221,Rej.,N,72.06
1685 Toro (1948 OA),20001685,True,False,1.37,0.436,9.38,0.771,1.96,584.0,0.616,82.7,14.28,3.4,0.31,10.1995,,,,474179,-0.00200459,0.000455964,-4.90935e-14,4.39638,1,S,21.509
511684 (2015 BN509),20511684,True,True,1.01,0.568,4.16,0.435,1.58,369.0,0.976,196.0,20.78,0.315,0.093,5.6713,,,,1685,-0.000199546,4.56248e-05,-4.45066e-15,4.37364,1,S,64.014
65717 (1993 BX3),20065717,True,True,1.4,0.281,2.81,1.0,1.79,602.0,0.598,344.0,20.87,,,20.33,,,,511684,0.00567254,0.0013009,9.06952e-14,4.36047,1,N,17.114
613014 (2005 QS10),20613014,True,False,2.42,0.479,15.8,1.26,3.58,1370.0,0.262,124.0,18.82,,,2.82,,,,65717,0.00169306,0.000388463,4.33724e-14,4.35835,1,L,28.616
(2007 AM),3365921,True,False,0.799,0.467,11.7,0.426,1.17,261.0,1.38,344.0,21.82,,,,,,,613014,-0.178023,0.0408908,-5.02064e-12,4.35362,Rej.,N,15.504
612227 (2001 QC34),20612227,True,True,1.13,0.188,6.24,0.917,1.34,438.0,0.822,301.0,20.18,,,,,,,2007 AM,-0.00449894,0.00103378,-7.40288e-14,4.35195,1,N,15.061
613714 (2007 DL41),20613714,True,True,1.46,0.476,4.67,0.763,2.15,643.0,0.56,150.0,20.82,,,,,,,612227,-0.00158462,0.000366288,-3.82431e-14,4.32617,1,Q,18.908
(2000 QV7),3046125,True,True,1.41,0.523,9.12,0.672,2.15,611.0,0.59,73.2,21.55,,,,,,,613714,-0.00609389,0.00141383,-1.33935e-13,4.3102,1,S,14.757
(2020 QA7),54053756,True,False,2.72,0.528,8.11,1.28,4.15,1640.0,0.22,52.0,20.13,,,,,,,2000 QV7,0.00961571,0.00223156,1.95241e-13,4.30896,1,N,21.355
2100 Ra-Shalom (1978 RA),20002100,True,False,0.832,0.436,15.8,0.469,1.2,277.0,1.3,249.0,16.24,2.3,0.13,19.797,,,,2020 QA7,-0.986975,0.22926,-2.75556e-11,4.30505,Rej.,N,18.24
162783 (2000 YJ11),20162783,True,True,1.31,0.232,7.26,1.01,1.62,550.0,0.655,229.0,20.91,,,,,,,2100,-0.000195064,4.54892e-05,-3.3913e-15,4.28813,1,K,47.811
474158 (1999 FA),20474158,True,True,1.08,0.133,12.0,0.935,1.22,409.0,0.88,357.0,20.71,,,10.092,,,,162783,-0.00378447,0.000882739,-9.66217e-14,4.28719,1,N,21.268
(2021 QH2),54190788,True,False,1.0,0.285,10.3,0.718,1.29,368.0,0.979,332.0,25.05,,,,,,,474158,-0.00415458,0.000971862,-9.98104e-14,4.27487,Rej.,S,38.092
277810 (2006 FV35),20277810,True,False,1.0,0.377,7.1,0.623,1.38,366.0,0.984,76.7,21.72,,,,,,,2021 QH2,0.0407832,0.00954156,8.84116e-13,4.27427,Rej.,N,2.976
377097 (2002 WQ4),20377097,True,True,1.96,0.556,3.94,0.868,3.04,1000.0,0.36,105.0,19.71,,,36.0,,,,277810,0.00200808,0.000470887,4.05745e-14,4.26446,1,N,28.038
(2010 WT8),3552653,True,False,1.15,0.284,4.54,0.825,1.48,451.0,0.798,252.0,22.02,,,,,,,377097,-0.000955976,0.000224187,-2.18064e-14,4.26419,1,N,63.545
(2005 MF5),3283218,True,False,0.804,0.382,29.5,0.497,1.11,263.0,1.37,299.0,21.73,,,,,,,2010 WT8,-0.0115701,0.00272469,-2.688e-13,4.24639,1,N,10.872
65679 (1989 UQ),20065679,True,True,0.915,0.265,1.3,0.673,1.16,320.0,1.13,287.0,19.62,0.918,0.033,7.746,,,,2005 MF5,0.00425406,0.00100668,7.67126e-14,4.22584,1,N,18.032
177016 (2003 BM47),20177016,True,False,1.16,0.582,13.8,0.485,1.84,456.0,0.789,345.0,19.95,,,,,,,65679,-0.00185076,0.000438013,-3.87698e-14,4.22534,Rej.,C,63.009
592968 (2015 FV118),20592968,True,False,0.858,0.584,6.24,0.357,1.36,290.0,1.24,356.0,21.68,,,,,,,177016,-0.00498116,0.00117994,-8.35221e-14,4.22153,1,N,20.129
37655 Illapa (1994 PM),20037655,True,True,1.48,0.752,18.0,0.366,2.59,656.0,0.549,114.0,17.85,,,2.6556,,,,592968,0.00386304,0.000915828,5.55441e-14,4.21808,1,N,20.093
(2017 GQ5),3773834,True,False,1.25,0.754,37.7,0.307,2.19,510.0,0.706,352.0,20.48,,,,,,,37655,-0.00103103,0.000244706,-1.281e-14,4.21335,1,N,27.836
337084 (1998 SE36),20337084,True,False,1.34,0.0991,11.7,1.21,1.47,567.0,0.634,303.0,19.76,,,11.855,,,,2017 GQ5,-1.06699,0.253595,-1.21021e-11,4.20747,Rej.,N,7.838
(2008 KV2),3412755,True,True,0.85,0.412,5.04,0.5,1.2,286.0,1.26,322.0,21.26,,,0.038,,,,337084,-0.00374735,0.000891954,-1.01197e-13,4.20128,1,N,22.48
4769 Castalia (1989 PB),20004769,True,True,1.06,0.483,8.89,0.549,1.58,400.0,0.899,324.0,17.4,1.4,0.092,4.095,,,,2008 KV2,-0.0024672,0.000587697,-4.44677e-14,4.19808,1,N,13.999
(2016 JE),3752703,True,False,0.822,0.472,16.7,0.434,1.21,272.0,1.32,99.7,21.94,,,,,,,4769,-0.000463758,0.000110526,-8.63246e-15,4.19593,1,S,33.98
483422 (2000 CE59),20483422,True,True,1.14,0.167,12.3,0.948,1.33,443.0,0.812,341.0,20.53,,,3.623,,,,2016 JE,-0.00735291,0.00176345,-1.2197e-13,4.16961,1,N,9.059
(2014 QH33),3682466,True,False,1.08,0.185,2.83,0.884,1.28,412.0,0.873,50.9,24.44,,,,,,,483422,-0.00119179,0.000286172,-2.91028e-14,4.16458,1,L,22.984
(2009 MW),3463371,True,False,0.913,0.299,21.0,0.64,1.19,319.0,1.13,69.4,20.86,,,,,,,2014 QH33,-0.00764359,0.00185108,-1.81104e-13,4.12927,1,N,16.994
203471 (2002 AU4),20203471,True,False,0.855,0.374,17.2,0.536,1.17,289.0,1.25,233.0,19.45,,,13.26,,,,2009 MW,-0.00250649,0.000609644,-5.13412e-14,4.11141,1,S,14.073
(2002 VU114),3143095,True,False,1.18,0.286,2.77,0.843,1.52,468.0,0.768,277.0,22.8,,,,,,,203471,-0.00227772,0.000557957,-4.2689e-14,4.08226,1,M,27.102
325102 (2008 EY5),20325102,True,False,0.626,0.627,5.11,0.234,1.02,181.0,1.99,47.7,20.17,0.361,0.124,,,,,2002 VU114,-0.00472721,0.001161,-1.111e-13,4.07169,1,N,18.01
85774 (1998 UT18),20085774,True,True,1.4,0.329,13.6,0.941,1.86,607.0,0.593,55.9,19.09,0.939,0.042,55.0,,,,325102,-0.00463471,0.00114228,-5.24748e-14,4.05741,1,N,11.901
(2011 EZ40),3559737,True,False,1.72,0.443,24.2,0.959,2.48,825.0,0.436,147.0,20.9,,,,,,,85774,-0.000214483,5.29556e-05,-5.3355e-15,4.05024,1,N,32.271
413260 (2003 TL4),20413260,True,True,0.777,0.381,12.2,0.48,1.07,250.0,1.44,330.0,19.57,,,27.2,,,,2011 EZ40,0.00764079,0.00189171,1.89914e-13,4.03909,1,N,18.13
483560 (2004 BV1),20483560,True,True,1.46,0.368,12.2,0.925,2.0,646.0,0.557,240.0,19.27,,,5.8124,,,,413260,-0.00149163,0.000369813,-2.64401e-14,4.03347,1,N,19.201
612103 (1999 SK10),20612103,True,False,1.76,0.442,6.96,0.985,2.54,856.0,0.421,18.0,19.84,,,,,,,483560,-0.0104861,0.00260128,-2.58319e-13,4.03112,Rej.,N,18.111
497113 (2004 EK1),20497113,True,False,1.25,0.251,11.6,0.936,1.56,510.0,0.706,228.0,22.29,,,,,,,612103,-0.0020335,0.000505776,-5.12082e-14,4.02055,1,S,21.52
(2016 CA138),3743123,True,False,0.998,0.0494,27.7,0.949,1.05,364.0,0.988,133.0,23.31,,,5.3197,,,,497113,-0.00208436,0.000519728,-5.14257e-14,4.01049,1,N,14.166
136564 (1977 VA),20136564,True,False,1.87,0.394,2.98,1.13,2.6,931.0,0.387,311.0,19.28,0.4,,,,,,2016 CA138,-0.0110906,0.00277011,-2.60574e-13,4.00365,1,N,7.034
322756 (2001 CK32),20322756,True,False,0.724,0.383,8.14,0.447,1.0,225.0,1.6,187.0,19.23,,,4.166,,,,136564,-0.00153938,0.000386894,-4.18081e-14,3.97881,1,N,45.695
523590 (2001 QC96),20523590,True,False,1.34,0.38,20.6,0.829,1.84,564.0,0.639,202.0,21.12,,,10.0,,,,322756,-0.00143439,0.000361354,-2.4555e-14,3.9695,1,N,21.144
509102 (2005 VB7),20509102,True,False,1.8,0.348,32.6,1.17,2.43,883.0,0.408,75.4,19.46,,,,,,,523590,-0.00351006,0.000886123,-8.17481e-14,3.96114,1,N,20.66
(2005 XT77),3307228,True,True,0.841,0.266,17.2,0.617,1.07,282.0,1.28,167.0,21.42,,,,,,,509102,-0.0242982,0.00615359,-6.75297e-13,3.94862,Rej.,N,17.09
(2006 AL4),3311963,True,False,2.51,0.594,2.76,1.02,4.0,1450.0,0.248,347.0,24.92,,,,,,,2005 XT77,0.00403821,0.00102485,8.10118e-14,3.94028,1,S,16.986
(2019 ER1),3838915,True,False,1.21,0.13,8.29,1.05,1.37,485.0,0.742,338.0,23.39,,,0.3324,,,,2006 AL4,0.010806,0.00274526,2.62699e-13,3.93623,1,N,15.997
525356 (2005 BG14),20525356,True,True,1.99,0.727,21.7,0.543,3.44,1030.0,0.35,165.0,18.74,,,,,,,2019 ER1,-0.00704345,0.00179575,-1.79172e-13,3.92229,1,N,8.211
376707 (1995 OO),20376707,True,False,2.16,0.779,23.5,0.477,3.83,1160.0,0.311,263.0,17.0,,,,,,,525356,-0.0271064,0.0069204,-4.23607e-13,3.91689,Rej.,N,17.174
(2016 CO246),3743897,True,False,0.995,0.126,6.29,0.869,1.12,362.0,0.993,193.0,25.8,,,,,,,376707,0.0139228,0.00355992,1.90325e-13,3.91097,Rej.,N,27.272
7350 (1993 VA),20007350,True,False,1.36,0.391,7.26,0.826,1.89,577.0,0.624,73.4,17.16,1.921,0.069,3.58264,,,,2016 CO246,-0.0274612,0.00705472,-6.36675e-13,3.89261,1,N,4.011
6456 Golombek (1992 OM),20006456,True,False,2.19,0.409,8.22,1.3,3.09,1190.0,0.303,96.5,16.06,,,2.50129,,,,7350,-0.00100885,0.000259834,-2.34306e-14,3.88266,1,C,59.743
(1997 WQ23),3007574,True,True,1.74,0.495,2.45,0.878,2.6,836.0,0.43,107.0,20.88,,,14.6,,,,6456,-0.00191472,0.000493887,-5.55667e-14,3.87684,Rej.,S,43.455
164222 (2004 RN9),20164222,True,False,1.3,0.247,16.1,0.982,1.63,544.0,0.662,29.7,20.85,,,,,,,1997 WQ23,0.00305533,0.000789954,7.16018e-14,3.86773,1,N,23.053
(2002 AY1),3102728,True,True,0.779,0.437,29.9,0.439,1.12,251.0,1.43,149.0,20.85,,,,,,,164222,-0.00315921,0.000816893,-7.97799e-14,3.86735,1,S,21.634
(2016 AG193),3740496,True,False,1.31,0.197,28.8,1.05,1.57,548.0,0.657,225.0,23.5,,,,,,,2002 AY1,0.0037058,0.000958896,6.22506e-14,3.86465,1,S,19.929
614134 (2008 TC4),20614134,True,True,0.78,0.554,10.6,0.348,1.21,252.0,1.43,173.0,21.65,,,,,,,2016 AG193,-0.0125557,0.00325228,-3.25335e-13,3.86057,1,N,6.045
513126 (1998 QP),20513126,True,True,1.79,0.583,9.35,0.745,2.83,872.0,0.413,131.0,21.71,,,,,,,614134,0.00414658,0.00107564,5.97426e-14,3.85498,1,N,12.939
(2010 KP10),3523944,True,False,1.13,0.166,16.2,0.944,1.32,440.0,0.819,31.0,23.1,0.087,0.101,,,,,513126,-0.0037015,0.000960688,-7.69388e-14,3.85297,1,N,19.515
(2003 MK4),3157028,True,True,1.08,0.181,22.3,0.885,1.28,410.0,0.877,249.0,20.86,,,,,,,2010 KP10,-0.00385613,0.00100269,-9.38934e-14,3.84577,1,N,12.104
612989 (2005 LW39),20612989,True,True,1.99,0.716,28.5,0.565,3.41,1020.0,0.352,122.0,20.01,,,,,,,2003 MK4,-0.0030193,0.000787849,-7.14757e-14,3.83233,1,N,19.589
(2012 BA35),3596264,True,False,1.07,0.116,5.81,0.947,1.19,405.0,0.89,261.0,23.75,,,,,,,612989,0.0303223,0.00792378,4.90787e-13,3.82674,Rej.,N,16.485
455415 (2003 GA),20455415,True,False,1.28,0.191,3.84,1.04,1.53,530.0,0.679,172.0,21.45,,,5.78,,,,2012 BA35,-0.00680138,0.00177883,-1.63509e-13,3.82352,1,N,10.765
247517 (2002 QY6),20247517,True,False,0.817,0.699,12.8,0.246,1.39,270.0,1.33,342.0,19.62,0.269,0.357,,,,,455415,0.00304339,0.000796198,7.81613e-14,3.82241,1,S,19.628
510190 (2011 CX7),20510190,True,False,1.3,0.323,10.5,0.88,1.72,541.0,0.666,204.0,20.46,,,,,,,247517,-0.00229327,0.000601164,-2.49515e-14,3.81472,1,S,20.129
(2014 UV210),3699902,True,False,1.16,0.131,0.599,1.0,1.31,453.0,0.794,282.0,26.9,,,0.5559,,,,510190,-0.00444056,0.00116535,-1.06765e-13,3.8105,Rej.,N,21.328
351545 (2005 TE15),20351545,True,False,1.2,0.344,13.1,0.79,1.62,483.0,0.746,152.0,19.82,,,10.61,,,,2014 UV210,0.13719,0.0360185,3.41563e-12,3.80889,1,C,5.029
85770 (1998 UP1),20085770,True,False,0.998,0.345,33.2,0.653,1.34,364.0,0.989,153.0,20.72,,,,,,,351545,-0.00279456,0.00073573,-6.36923e-14,3.79835,1,N,16.151
312942 (1995 EK1),20312942,True,False,2.26,0.777,9.08,0.504,4.02,1240.0,0.29,340.0,17.36,,,8.444,,,,85770,-0.00223337,0.000588733,-4.63036e-14,3.79351,1,N,31.124
(2010 VW75),3551068,True,False,2.72,0.601,1.1,1.08,4.35,1640.0,0.22,136.0,21.88,,,0.180062,,,,312942,-0.00328273,0.00086645,-4.61859e-14,3.78871,Rej.,N,27.811
(2011 GP59),3562830,True,False,0.869,0.258,8.51,0.645,1.09,296.0,1.22,253.0,24.3,,,0.12251,,,,2010 VW75,-1.07532,0.284589,-2.66806e-11,3.77851,Rej.,N,9.029
,,False,False,,,,,,,,,,,,,,,,2011 GP59,-0.415769,0.110163,-8.52068e-12,3.77412,Rej.,S,3.811
(2003 YS17),3170204,True,True,0.93,0.313,6.53,0.639,1.22,328.0,1.1,40.1,21.6,,,,,,,4888 03,-0.00291761,0.000775093,-5.1593e-14,3.76421,1,S,17.169
613286 (2005 YQ96),20613286,True,True,0.743,0.334,22.2,0.495,0.991,234.0,1.54,210.0,20.63,,,,,,,2003 YS17,-0.00436085,0.00115891,-8.93497e-14,3.76289,1,N,17.051
307070 (2002 AV31),20307070,True,False,1.31,0.249,15.0,0.983,1.64,547.0,0.658,30.0,20.62,0.282,0.117,,,,,613286,-0.00207711,0.00055666,-3.7479e-14,3.73137,1,N,16.019
494690 (2004 JQ1),20494690,True,True,1.19,0.45,32.8,0.656,1.73,476.0,0.756,111.0,20.1,,,,,,,307070,-0.00141775,0.000383525,-3.58331e-14,3.69663,1,L,21.172
(2022 UY),54316897,True,False,0.997,0.114,15.6,0.883,1.11,364.0,0.99,270.0,25.49,,,,,,,494690,-0.0107048,0.00290234,-2.19614e-13,3.68834,Rej.,N,17.057
533638 (2014 KT86),20533638,True,False,1.19,0.168,22.5,0.988,1.39,473.0,0.762,237.0,20.39,,,,,,,2022 UY,-0.012625,0.00342558,-2.93094e-13,3.6855,1,N,6.053
(2009 SV17),3467354,True,False,2.71,0.585,3.44,1.12,4.29,1630.0,0.221,201.0,19.61,,,17.34,,,,533638,-0.00195209,0.000530172,-4.86737e-14,3.68199,1,N,22.042
(2013 UG1),3652985,True,False,0.798,0.483,10.7,0.412,1.18,260.0,1.38,84.1,22.59,,,0.15558,,,,2009 SV17,-1.21627,0.330787,-3.08363e-11,3.67691,Rej.,S,9.467
408982 (2002 SP),20408982,True,False,0.905,0.6,20.9,0.361,1.45,314.0,1.15,226.0,20.78,,,,,,,2013 UG1,0.0439002,0.0119871,7.08261e-13,3.66229,Rej.,N,5.049
469219 Kamo`oalewa (2016 HO3),20469219,True,False,1.0,0.102,7.8,0.899,1.1,366.0,0.984,46.2,24.31,,,0.467,,,,408982,0.00223292,0.000609951,3.19776e-14,3.66083,1,N,18.075
276111 (2002 GM9),20276111,True,False,1.87,0.349,17.3,1.21,2.52,930.0,0.387,18.7,18.6,,,,,,,469219,-0.00630702,0.00172305,-1.46994e-13,3.66038,Rej.,N,17.155
152754 (1999 GS6),20152754,True,True,1.19,0.497,2.02,0.599,1.78,475.0,0.758,227.0,19.22,0.414,0.216,8.021,,,,276111,-0.00982511,0.00269257,-2.77347e-13,3.64897,Rej.,N,24.775
496901 (2001 HB),20496901,True,True,1.31,0.694,9.28,0.402,2.23,550.0,0.654,162.0,20.69,,,,,,,152754,-0.00113546,0.000313717,-2.19633e-14,3.61937,1,S,24.192
(2017 BP32),3767259,True,False,1.31,0.21,23.7,1.04,1.59,549.0,0.655,303.0,23.38,,,,,,,496901,-0.00622597,0.00172061,-8.7138e-14,3.61846,1,N,25.188
337252 (2000 SD8),20337252,True,False,1.13,0.314,6.55,0.775,1.48,438.0,0.822,84.4,20.82,,,,,,,2017 BP32,-0.0047023,0.00129972,-1.21279e-13,3.61793,1,N,6.029
425755 (2011 CP4),20425755,True,True,0.912,0.87,9.47,0.118,1.71,318.0,1.13,239.0,21.12,,,,,,,337252,-0.00339757,0.000939835,-7.66461e-14,3.61507,1,N,18.138
(2016 UZ40),3761739,True,False,2.07,0.733,2.35,0.553,3.59,1090.0,0.33,354.0,23.4,,,,,,,425755,0.0112486,0.00311329,6.13576e-14,3.6131,1,N,16.068
(2021 CP6),54117567,True,False,2.11,0.527,2.72,0.998,3.22,1120.0,0.322,173.0,22.9,,,,,,,2016 UZ40,0.69313,0.192267,1.07979e-11,3.60504,Rej.,N,3.003
(2005 RD34),3290809,True,False,1.33,0.265,19.9,0.975,1.68,558.0,0.645,131.0,20.43,,,,,,,2021 CP6,0.117624,0.0326905,2.91579e-12,3.5981,Rej.,N,6.338
525484 (2005 GL),20525484,True,True,1.06,0.306,15.9,0.733,1.38,396.0,0.908,282.0,21.3,,,,,,,2005 RD34,-0.01981,0.00550918,-4.9961e-13,3.59581,Rej.,N,17.333
136818 Selqet (1997 MW1),20136818,True,False,0.938,0.346,12.8,0.613,1.26,332.0,1.09,269.0,18.98,,,,,,,525484,-0.00463988,0.00129624,-1.01746e-13,3.57948,1,N,15.68
175729 (1998 BB10),20175729,True,True,1.27,0.425,11.5,0.732,1.81,524.0,0.688,196.0,20.44,,,,,,,136818,0.00120416,0.000336718,2.41624e-14,3.57616,1,N,21.854
256004 (2006 UP),20256004,True,False,1.58,0.3,2.29,1.11,2.06,728.0,0.495,206.0,23.02,,,,,,,175729,-0.00118956,0.000333379,-2.58885e-14,3.5682,1,S,25.443
401856 (2000 KW43),20401856,True,True,1.45,0.478,24.3,0.758,2.15,639.0,0.563,244.0,20.27,,,,,,,256004,-0.00587357,0.00164874,-1.58369e-13,3.56246,1,S,19.866
6037 (1988 EG),20006037,True,True,1.27,0.5,3.51,0.636,1.91,524.0,0.687,165.0,18.86,,,2.7602,,,,401856,-0.0013913,0.000390722,-3.04693e-14,3.56084,1,N,21.087
(2007 PB8),3381230,True,False,0.88,0.445,16.6,0.489,1.27,302.0,1.19,253.0,21.36,,,,,,,6037,-0.000886876,0.000249549,-1.76685e-14,3.55391,1,Q,35.384
(2008 BX2),3400310,True,False,0.857,0.341,3.14,0.565,1.15,290.0,1.24,306.0,23.6,,,,,,,2007 PB8,-0.0100046,0.00281607,-1.7727e-13,3.5527,1,N,19.009
(2003 DF16),3150196,True,False,1.78,0.437,26.3,1.0,2.56,870.0,0.414,224.0,20.05,,,,,,,2008 BX2,-0.0112264,0.00316223,-2.16236e-13,3.55015,1,N,8.178
(2008 CE119),3402642,True,False,1.21,0.176,7.73,0.995,1.42,485.0,0.742,91.5,25.55,,,,,,,2003 DF16,0.00859745,0.00243149,2.18687e-13,3.53588,Rej.,N,19.091
(2016 GE1),3748560,True,False,2.06,0.52,10.7,0.991,3.14,1080.0,0.333,79.8,26.7,,,0.009438,,,,2008 CE119,-0.00723424,0.00204801,-1.81561e-13,3.53233,1,N,7.984
1864 Daedalus (1971 FA),20001864,True,False,1.46,0.614,22.2,0.563,2.36,645.0,0.558,258.0,14.84,3.7,0.273,8.572,,,,2016 GE1,-0.039454,0.0112112,-9.71734e-13,3.51916,Rej.,N,3.006
847431 (1994 CJ1),20847431,True,True,1.49,0.325,2.31,1.01,1.98,664.0,0.542,113.0,21.51,,,30.0,,,,1864,-0.00165889,0.000472912,-2.93713e-14,3.50781,Rej.,Q,52.063
390725 (2003 HB),20390725,True,True,0.85,0.38,18.1,0.527,1.17,286.0,1.26,131.0,19.69,0.293,0.271,,,,,1994 CJ1,-0.00545746,0.00155614,-1.40242e-13,3.50705,1,N,22.664
(2009 JR2),3459812,True,False,1.25,0.179,19.7,1.03,1.47,510.0,0.705,238.0,22.95,,,,,,,390725,-0.00247571,0.000706102,-4.59574e-14,3.50617,1,N,18.07
(2012 XE133),3620867,True,False,0.723,0.433,6.73,0.41,1.04,225.0,1.6,205.0,23.3,,,,,,,2009 JR2,-0.00517787,0.0014786,-1.31955e-13,3.50188,1,N,13.933
(2019 QG),3843572,True,True,0.822,0.239,12.6,0.626,1.02,272.0,1.32,323.0,21.38,,,,,,,2012 XE133,-0.0133979,0.00384799,-2.17992e-13,3.4818,1,N,8.066
508772 (1998 WP7),20508772,True,False,1.23,0.433,22.0,0.695,1.76,495.0,0.727,29.1,19.85,,,,,,,2019 QG,-0.00995281,0.00287124,-2.00495e-13,3.46638,1,N,12.09
665390 (2009 HD82),20665390,True,False,1.25,0.477,5.8,0.656,1.85,513.0,0.702,228.0,21.69,,,,,,,508772,-0.00327198,0.000947924,-6.93176e-14,3.45173,1,N,23.014
(2016 GL2),3749032,True,False,1.45,0.265,14.9,1.07,1.84,639.0,0.564,197.0,23.67,,,,,,,2009 HD82,-0.00224858,0.000652194,-4.58219e-14,3.44772,1,N,14.07
468727 (2010 JE87),20468727,True,True,0.904,0.437,16.9,0.509,1.3,314.0,1.15,293.0,20.77,0.308,0.108,,,,,2016 GL2,-0.00249517,0.000724917,-6.57932e-14,3.442,Rej.,N,14.064
344074 (1997 UH9),20344074,True,False,0.83,0.475,25.5,0.436,1.22,276.0,1.3,209.0,19.01,,,,,,,468727,-0.00613243,0.0017866,-1.11122e-13,3.43246,1,N,12.025
163348 (2002 NN4),20163348,True,True,0.876,0.435,5.42,0.495,1.26,299.0,1.2,329.0,20.05,0.735,0.03,14.5,,,,344074,0.00168172,0.000491077,2.79482e-14,3.42456,1,S,25.101
525268 (2004 XL14),20525268,True,True,0.76,0.41,21.5,0.448,1.07,242.0,1.49,78.2,21.43,,,,,,,163348,0.00188803,0.000551352,3.37708e-14,3.42436,1,C,19.154
86666 (2000 FL10),20086666,True,False,1.46,0.427,29.0,0.838,2.09,646.0,0.557,224.0,16.88,1.165,0.228,206.0,,,,525268,-0.00228342,0.000667473,-3.89767e-14,3.42099,1,X,13.988
3671 Dionysus (1984 KD),20003671,True,True,2.2,0.544,13.5,1.0,3.39,1190.0,0.303,252.0,16.49,1.5,0.16,2.7053,,,,86666,-0.00103783,0.000303854,-2.41751e-14,3.41557,1,N,23.959
(2000 AH205),3092248,True,False,1.15,0.407,2.59,0.681,1.61,449.0,0.802,96.7,22.6,,,,,,,3671,-0.000836855,0.000245031,-2.06657e-14,3.4153,1,E,39.17
508908 (2003 YX1),20508908,True,True,0.88,0.267,5.76,0.645,1.11,301.0,1.19,315.0,20.95,,,,,,,2000 AH205,-0.00712183,0.00208633,-1.49852e-13,3.41358,1,S,15.28
136897 (1998 HJ41),20136897,True,False,1.36,0.125,38.9,1.19,1.53,581.0,0.619,22.3,18.56,,,15.3,,,,508908,-0.00153447,0.000449586,-3.14719e-14,3.41308,1,C,19.19
(2003 GH21),3152315,True,False,1.48,0.262,20.1,1.09,1.87,659.0,0.546,219.0,21.59,,,,,,,136897,-0.00134479,0.000395765,-3.64015e-14,3.39795,1,N,24.635
329275 (1999 VP6),20329275,True,False,1.38,0.304,12.8,0.959,1.8,591.0,0.609,63.1,20.1,,,,,,,2003 GH21,-0.00371471,0.00109672,-9.92065e-14,3.38712,1,N,18.149
161989 Cacus (1978 CA),20161989,True,True,1.12,0.214,26.1,0.883,1.36,434.0,0.829,310.0,17.31,1.9,0.09,3.7538,,,,329275,-0.00177739,0.000524835,-4.45793e-14,3.38656,1,N,21.659
(2016 UW80),3762440,True,False,1.16,0.169,13.0,0.967,1.36,459.0,0.784,346.0,23.91,,,,,,,161989,-0.000393206,0.000116168,-9.3633e-15,3.3848,1,N,44.969
216115 (2006 SU19),20216115,True,True,1.53,0.587,2.09,0.631,2.42,689.0,0.522,302.0,18.91,,,,,,,2016 UW80,-0.00841304,0.00249118,-2.07598e-13,3.37712,1,N,9.971
398188 Agni (2010 LE15),20398188,True,True,0.865,0.273,13.3,0.628,1.1,294.0,1.23,253.0,19.33,0.462,0.137,21.99,,,,216115,-0.0115421,0.00342272,-2.20381e-13,3.3722,Rej.,N,15.05
90373 (2003 SZ219),20090373,True,False,1.63,0.204,9.87,1.29,1.96,758.0,0.475,227.0,18.8,,,,,,,398188,-0.00141857,0.000420744,-2.87349e-14,3.37156,1,S,21.153
(2017 DN109),3770288,True,True,1.2,0.827,7.09,0.207,2.18,478.0,0.754,289.0,21.82,,,,,,,90373,-0.00911138,0.00270358,-2.6221e-13,3.37012,Rej.,N,25.177
370307 (2002 RH52),20370307,True,False,1.98,0.491,16.2,1.01,2.95,1020.0,0.354,74.1,16.97,,,4.218,,,,2017 DN109,0.01438,0.0042693,1.17117e-13,3.36824,1,N,12.98
313276 (2002 AX1),20313276,True,False,0.88,0.542,33.0,0.403,1.36,301.0,1.19,69.7,19.86,,,131.0,,,,370307,-0.0119569,0.0035534,-3.00259e-13,3.36493,Rej.,S,18.768
452376 (2002 AC5),20452376,True,True,1.76,0.494,16.5,0.891,2.63,853.0,0.422,99.3,19.97,,,,,,,313276,0.00182211,0.000542083,2.84372e-14,3.36132,1,L,19.088
864101 (2014 WL368),20864101,True,False,1.67,0.235,7.95,1.28,2.06,787.0,0.457,57.1,19.63,,,,,,,452376,0.00105336,0.000313432,2.48899e-14,3.36073,1,N,21.164
474163 (1999 SO5),20474163,True,True,1.09,0.0645,13.4,1.02,1.16,413.0,0.872,203.0,20.81,,,1.38,,,,2014 WL368,-0.0193932,0.00578107,-5.57362e-13,3.35461,Rej.,N,7.42
138911 (2001 AE2),20138911,True,False,1.35,0.0817,1.66,1.24,1.46,573.0,0.629,211.0,19.44,,,15.88,,,,474163,-0.00380405,0.00113786,-9.29532e-14,3.34315,1,S,17.339
10145 (1994 CK1),20010145,True,False,1.9,0.633,4.55,0.698,3.1,957.0,0.376,139.0,17.0,,,49.2892,,,,138911,-0.000964578,0.000288528,-2.62126e-14,3.34311,1,L,38.847
354030 (2001 RB18),20354030,True,False,2.35,0.539,4.18,1.08,3.61,1310.0,0.274,253.0,18.61,,,26.755,,,,10145,-0.00508622,0.00152296,-9.89749e-14,3.3397,Rej.,Q,29.125
7341 (1991 VK),20007341,True,True,1.84,0.506,5.41,0.91,2.77,913.0,0.394,196.0,16.96,0.982,0.235,4.2096,,,,354030,-0.012433,0.00372793,-3.16761e-13,3.3351,Rej.,X,20.868
286079 (2001 TW1),20286079,True,False,0.911,0.526,31.3,0.432,1.39,318.0,1.13,349.0,19.29,,,,,,,7341,-0.000246517,7.39937e-05,-5.85779e-15,3.3316,1,Q,30.242
(2007 US12),3390647,True,False,0.906,0.515,8.8,0.44,1.37,315.0,1.14,66.5,22.13,,,,,,,286079,-0.00147734,0.000443602,-2.40214e-14,3.33032,1,N,21.059
137924 (2000 BD19),20137924,True,False,0.876,0.895,25.8,0.092,1.66,300.0,1.2,333.0,17.5,0.97,0.247,10.57,,,,2007 US12,-0.00698525,0.00210987,-1.15115e-13,3.31076,1,N,14.095
162825 (2001 BO61),20162825,True,True,1.77,0.744,9.07,0.453,3.09,862.0,0.417,146.0,17.97,,,,,,,137924,-0.00179163,0.000541213,-7.86133e-15,3.31039,1,V,26.193
524196 (2001 QP181),20524196,True,False,2.24,0.53,4.52,1.05,3.43,1220.0,0.294,106.0,18.71,,,17.05,,,,162825,-0.00392973,0.00118735,-5.51486e-14,3.30966,Rej.,N,21.966
106589 (2000 WN107),20106589,True,False,2.15,0.618,14.4,0.82,3.47,1150.0,0.314,279.0,16.01,,,141.1,,,,524196,-0.00651399,0.00197064,-1.65017e-13,3.30553,Rej.,S,20.164
(2010 KQ10),3523945,True,True,2.38,0.662,6.7,0.805,3.96,1340.0,0.268,99.8,21.64,,,,,,,106589,0.00554995,0.00168598,1.1929e-13,3.29183,Rej.,N,22.053
1865 Cerberus (1971 UA),20001865,True,False,1.08,0.467,16.1,0.576,1.58,410.0,0.878,320.0,16.78,1.2,0.22,6.8039,,,,2010 KQ10,-3.32158,1.00921,-6.6868e-11,3.29125,Rej.,N,10.721
369986 (1998 SO),20369986,True,False,0.731,0.699,30.3,0.22,1.24,228.0,1.58,348.0,20.44,,,,,,,1865,-0.000619167,0.00018823,-1.18491e-14,3.28941,1,Q,49.993
(2009 SW19),3467709,True,False,1.26,0.328,62.9,0.849,1.68,518.0,0.695,251.0,19.61,,,,,,,369986,0.00202891,0.000617202,2.09188e-14,3.28727,1,N,20.044
(2007 TH1),3387458,True,True,1.36,0.418,20.1,0.793,1.93,580.0,0.62,183.0,21.88,,,,,,,2009 SW19,-0.10178,0.0310664,-2.40455e-12,3.27621,Rej.,N,13.347
154300 (2002 UO),20154300,True,False,1.21,0.473,8.29,0.638,1.78,486.0,0.741,189.0,19.37,,,,,,,2007 TH1,-0.0122066,0.00372809,-2.76881e-13,3.27421,1,N,15.537
209215 (2003 WP25),20209215,True,False,0.989,0.121,2.56,0.869,1.11,359.0,1.0,269.0,24.3,,,,,,,154300,-0.00148068,0.000453765,-2.97874e-14,3.26311,1,N,20.997
441823 (2009 QO5),20441823,True,False,1.6,0.238,8.56,1.22,1.98,736.0,0.489,23.9,22.11,,,,,,,209215,-0.0211736,0.00650796,-4.89038e-13,3.25349,1,N,6.352
(2017 JF3),3774612,True,True,0.906,0.349,5.82,0.59,1.22,315.0,1.14,198.0,21.74,,,,,,,441823,-0.00965044,0.00296793,-2.70731e-13,3.25157,1,N,13.81
(2003 AC23),3145520,True,True,2.17,0.582,2.06,0.908,3.43,1170.0,0.308,39.7,21.9,,,,,,,2017 JF3,-0.00274995,0.000846963,-5.41323e-14,3.24684,1,S,13.3
23548 (1994 EF2),20023548,True,False,2.29,0.518,23.4,1.1,3.48,1270.0,0.285,67.0,17.28,,,,,,,2003 AC23,0.148545,0.0457808,3.40824e-12,3.2447,Rej.,N,16.036
338292 (2002 UA31),20338292,True,False,0.799,0.487,30.7,0.41,1.19,261.0,1.38,277.0,19.11,,,2.5564,,,,23548,-0.00578465,0.00178451,-1.51211e-13,3.24159,Rej.,S,27.603
(2013 KS1),3638576,True,False,1.48,0.387,1.63,0.904,2.05,654.0,0.55,320.0,26.82,,,,,,,338292,-0.00137484,0.000426387,-2.20661e-14,3.2244,1,S,20.066
4660 Nereus (1982 DB),20004660,True,True,1.48,0.359,1.45,0.952,2.02,661.0,0.545,49.8,18.75,0.33,0.55,15.1749,,,,2013 KS1,-0.0418094,0.0129699,-1.0176e-12,3.22357,1,N,9.018
(2007 GU4),3373918,True,False,1.2,0.457,3.16,0.654,1.75,482.0,0.747,93.0,22.65,,,,,,,4660,0.000738005,0.000229096,1.84571e-14,3.22138,1,M,40.665
443837 (2000 TJ1),20443837,True,False,1.16,0.0808,39.5,1.07,1.25,457.0,0.788,158.0,19.68,0.253,0.399,14.09,,,,2007 GU4,0.691437,0.215033,1.41302e-11,3.2155,Rej.,N,15.441
323300 (2003 UD22),20323300,True,False,1.17,0.318,10.1,0.797,1.54,461.0,0.78,240.0,19.63,,,,,,,443837,-0.00114183,0.000355932,-2.87761e-14,3.20801,1,S,20.06
(2008 SZ150),3428532,True,False,1.41,0.33,13.1,0.944,1.87,611.0,0.589,119.0,24.02,,,,,,,323300,-0.00280752,0.000875314,-6.42285e-14,3.20745,1,N,19.225
173664 (2001 JU2),20173664,True,False,1.52,0.269,4.02,1.11,1.93,683.0,0.527,337.0,19.76,,,,,,,2008 SZ150,-0.00962163,0.00300536,-2.39557e-13,3.20149,1,N,10.089
159467 (2000 QK25),20159467,True,False,1.81,0.283,6.14,1.3,2.32,889.0,0.405,106.0,18.34,,,3.0,,,,173664,-0.0047431,0.0014836,-1.27656e-13,3.19703,1,S,21.766
162080 (1998 DG16),20162080,True,False,0.897,0.358,16.2,0.576,1.22,310.0,1.16,68.1,19.95,0.777,0.035,,,,,159467,-0.00326529,0.00102303,-9.51768e-14,3.19179,Rej.,N,22.448
(2012 DY32),3599934,True,False,1.08,0.166,9.54,0.904,1.26,412.0,0.873,136.0,22.69,,,,,,,162080,-0.00107151,0.000336027,-2.0828e-14,3.18877,1,N,40.085
252558 (2001 WT1),20252558,True,False,1.09,0.397,7.16,0.657,1.52,415.0,0.867,189.0,20.37,0.533,0.062,,,,,2012 DY32,-0.00290572,0.000912136,-6.92815e-14,3.18562,Rej.,N,17.235
(2013 BO27),3625068,True,False,1.16,0.513,3.05,0.565,1.75,456.0,0.789,150.0,24.11,,,,,,,252558,-0.00368716,0.00116135,-7.63239e-14,3.1749,1,N,16.988
(2003 FF5),3151652,True,False,1.37,0.304,6.34,0.953,1.79,585.0,0.615,15.8,23.3,,,,,,,2013 BO27,-0.00299346,0.000946227,-5.59297e-14,3.16357,1,N,10.012
(2018 RV3),3827426,True,False,1.6,0.359,17.7,1.02,2.17,737.0,0.488,183.0,23.03,,,,,,,2003 FF5,-0.00287374,0.000909258,-7.18798e-14,3.16054,1,N,16.367
(2017 TJ1),3782065,True,False,1.21,0.179,10.4,0.992,1.42,485.0,0.742,209.0,20.7,,,,,,,2018 RV3,-0.01227,0.00388767,-3.18189e-13,3.15614,1,N,9.599
5604 (1992 FE),20005604,True,True,0.93,0.406,4.7,0.552,1.31,328.0,1.1,350.0,17.38,0.55,0.48,5.3375,,,,2017 TJ1,-0.0204928,0.00649926,-5.1354e-13,3.1531,Rej.,N,8.082
482798 (2013 QK48),20482798,True,True,1.59,0.83,19.0,0.27,2.9,729.0,0.494,107.0,18.35,,,,,,,5604,-0.00122743,0.000390426,-2.32587e-14,3.14383,Rej.,V,43.918
(2011 CE50),3557530,True,False,1.01,0.188,14.9,0.821,1.2,371.0,0.97,64.4,23.14,,,,,,,482798,-0.0272391,0.00868926,-2.52132e-13,3.1348,Rej.,N,21.916
257838 (2000 JQ66),20257838,True,False,2.17,0.42,7.06,1.26,3.07,1160.0,0.309,339.0,18.0,,,11.094,,,,2011 CE50,-0.00731267,0.00233447,-1.66974e-13,3.13247,1,N,8.895
678964 (2018 CC14),20678964,True,False,2.08,0.546,5.89,0.945,3.22,1100.0,0.328,199.0,22.4,,,,,,,257838,-0.0101895,0.00325301,-2.9131e-13,3.13234,Rej.,V,38.157
11066 Sigurd (1992 CC1),20011066,True,False,1.39,0.375,36.9,0.869,1.91,600.0,0.6,315.0,15.17,2.104,0.19,8.4958,,,,2018 CC14,0.00450974,0.00144242,1.07572e-13,3.12652,1,N,9.125
410088 (2007 EJ),20410088,True,False,2.5,0.629,8.32,0.927,4.07,1440.0,0.249,276.0,18.2,1.032,0.095,4.5569,,,,11066,-0.00158786,0.000509203,-3.78985e-14,3.11832,Rej.,S,47.118
(2015 TW178),3730328,True,False,1.76,0.32,9.51,1.2,2.32,852.0,0.423,107.0,21.12,,,,,,,410088,-0.00410334,0.00131755,-9.21339e-14,3.11437,Rej.,M,16.134
189700 (2001 TA45),20189700,True,False,1.46,0.191,10.7,1.18,1.74,646.0,0.557,269.0,19.15,,,5.0,,,,2015 TW178,0.00324015,0.0010428,9.08325e-14,3.10715,1,N,14.283
152742 (1998 XE12),20152742,True,False,0.878,0.739,13.4,0.229,1.53,301.0,1.2,16.5,19.1,0.413,0.264,,,,,189700,-0.00211431,0.000681137,-5.80129e-14,3.10409,1,N,20.756
469356 (2001 DR8),20469356,True,False,1.93,0.672,6.56,0.632,3.22,976.0,0.369,149.0,18.76,,,,,,,152742,0.00179347,0.000578228,1.79601e-14,3.10166,1,N,27.151
1221 Amor (1932 EA1),20001221,True,False,1.92,0.435,11.9,1.09,2.75,972.0,0.371,59.9,17.37,1.0,,,,,,469356,-0.0198012,0.00638839,-3.54407e-13,3.09956,Rej.,N,16.079
162181 (1999 LF6),20162181,True,False,1.41,0.281,18.9,1.01,1.81,611.0,0.589,237.0,18.2,0.729,0.175,37.26,,,,1221,-0.000231352,7.47509e-05,-6.11558e-15,3.09498,1,N,91.365
249615 (1999 TB5),20249615,True,False,1.97,0.394,30.4,1.19,2.74,1010.0,0.357,142.0,19.05,,,,,,,162181,-0.000691622,0.000223666,-1.78127e-14,3.09221,1,N,42.426
513312 (2007 DM41),20513312,True,True,1.18,0.528,2.26,0.558,1.8,469.0,0.768,159.0,22.06,,,,,,,249615,-0.0032219,0.00104345,-8.99897e-14,3.08775,1,N,22.081
(2021 WC8),54239534,True,True,2.62,0.701,17.7,0.783,4.45,1550.0,0.233,312.0,19.81,,,,,,,513312,0.00558536,0.0018094,1.03173e-13,3.08685,1,N,10.727
171819 (2001 FZ6),20171819,True,False,1.5,0.167,9.95,1.25,1.74,668.0,0.539,45.2,18.38,,,15.24,,,,2021 WC8,-0.0190548,0.0061743,-3.66763e-13,3.08614,Rej.,N,21.662
189011 Ogmios (1997 NJ6),20189011,True,False,1.5,0.232,18.7,1.15,1.85,671.0,0.536,71.4,19.08,,,,,,,171819,-0.00226359,0.000735354,-6.33826e-14,3.07823,1,V,22.237
339492 (2005 GQ21),20339492,True,False,1.43,0.215,47.0,1.12,1.73,622.0,0.579,275.0,18.39,,,,,,,189011,-0.00177557,0.000577075,-4.84481e-14,3.07685,1,N,24.55
828534 (2004 TG10),20828534,True,True,2.24,0.861,4.19,0.311,4.16,1220.0,0.295,83.4,19.47,1.316,0.018,,,,,339492,0.00222544,0.000724273,5.96829e-14,3.07265,Rej.,S,38.609
523605 (2004 RX10),20523605,True,False,0.92,0.351,5.96,0.597,1.24,322.0,1.12,223.0,21.49,,,,,,,2004 TG10,-0.0488035,0.0159103,-4.50055e-13,3.06742,Rej.,N,13.878
322763 (2001 FA7),20322763,True,False,2.01,0.536,22.8,0.931,3.08,1040.0,0.347,306.0,17.21,1.252,0.196,,,,,523605,-0.00264863,0.000863907,-5.24296e-14,3.06588,1,N,15.072
(2006 TD),3347502,True,False,1.59,0.395,8.19,0.965,2.22,735.0,0.49,205.0,22.4,,,,,,,322763,-0.00724819,0.00237439,-1.72186e-13,3.05265,Rej.,S,43.754
(2011 XC),3590075,True,False,1.26,0.134,21.6,1.09,1.42,514.0,0.7,274.0,20.98,,,,,,,2006 TD,0.00629294,0.00206571,1.57981e-13,3.04639,1,N,13.572
(2021 SP4),54202335,True,True,1.47,0.405,9.92,0.873,2.06,649.0,0.554,53.6,20.96,,,,,,,2011 XC,0.00355603,0.00116839,9.21785e-14,3.04354,Rej.,N,20.589
625646 (2006 GX2),20625646,True,False,1.76,0.545,8.23,0.799,2.72,851.0,0.423,175.0,20.71,,,,,,,2021 SP4,-0.00806162,0.00264963,-1.92204e-13,3.04255,Rej.,N,16.682
(2015 XW261),3736516,True,False,1.25,0.467,29.7,0.666,1.83,510.0,0.706,342.0,21.39,,,19.67,,,,2006 GX2,-0.00400236,0.00132018,-8.77606e-14,3.03167,1,N,14.116
(2017 US4),3788008,True,False,1.4,0.217,9.7,1.1,1.71,608.0,0.592,191.0,21.51,,,,,,,2015 XW261,-0.00364848,0.00120527,-7.50646e-14,3.02712,Rej.,N,13.952
(2006 WF129),3361625,True,False,2.64,0.532,22.1,1.24,4.05,1570.0,0.229,162.0,19.13,,,,,,,2017 US4,-0.0108291,0.00358188,-2.88035e-13,3.0233,1,N,15.086
(2003 TG2),3160853,True,False,0.908,0.316,25.5,0.621,1.19,316.0,1.14,10.0,21.36,,,,,,,2006 WF129,-0.0539077,0.0178453,-1.48509e-12,3.02083,Rej.,N,16.58
(2005 NE21),3283679,True,False,0.789,0.496,10.6,0.397,1.18,256.0,1.41,171.0,21.24,,,,,,,2003 TG2,-0.00426075,0.00141099,-8.60522e-14,3.01968,1,N,19.039
152664 (1998 FW4),20152664,True,True,2.52,0.714,3.41,0.721,4.32,1460.0,0.246,2.25,19.7,,,17.38,,,,2005 NE21,0.00371153,0.00122972,5.85214e-14,3.0182,1,S,14.007
7336 Saunders (1989 RS1),20007336,True,False,2.31,0.482,7.2,1.19,3.42,1280.0,0.282,118.0,18.8,,,4.307,,,,152664,0.000907134,0.000300729,1.62328e-14,3.01645,1,Q,27.91
162416 (2000 EH26),20162416,True,True,1.85,0.478,0.402,0.968,2.74,922.0,0.39,40.0,21.67,,,24.0,,,,7336,0.00114271,0.000379253,3.14514e-14,3.01305,1,Q,35.239
(1999 SF10),3023213,True,False,1.28,0.254,1.21,0.955,1.6,529.0,0.681,1.25,24.46,,,0.0411,,,,162416,0.630594,0.209598,1.55914e-11,3.00859,Rej.,N,5.322
,,,,,,,,,,,,,,,,,,,1999 SF10,0.0325665,0.0108526,8.1171e-13,3.00081,Rej.,N,13.196
