full_name,spkid,neo,pha,a,e,i,q,ad,per,n,ma,H,diameter,albedo,rot_per,da_dt,SNR,FAccept
(1998 SD9),3014184.0,1,0,0.702,0.504,2.99,0.348,1.06,215.0,1.67,233.0,24.09,,,,-0.0197061,185.305,1
99942 Apophis (2004 MN4),20099942.0,1,1,0.922,0.191,3.34,0.746,1.1,324.0,1.11,313.0,19.09,0.34,0.35,30.56,-0.00132587,122.894,1
480883 (2001 YE4),20480883.0,1,1,0.677,0.54,4.85,0.311,1.04,203.0,1.77,193.0,20.92,,,,-0.00504483,94.6127,1
2340 Hathor (1976 UA),20002340.0,1,1,0.844,0.45,5.86,0.464,1.22,283.0,1.27,202.0,20.43,0.3,,3.35,-0.00173809,57.1118,1
524522 Zoozve (2002 VE68),20524522.0,1,1,0.724,0.41,9.04,0.427,1.02,225.0,1.6,329.0,20.54,,,13.5,-0.00359165,56.9329,1
(2002 BF25),3102784.0,1,0,1.07,0.222,6.31,0.837,1.31,407.0,0.885,223.0,22.62,0.152,0.1,,0.00719033,56.3522,1
(2012 UR158),3614980.0,1,1,2.23,0.858,3.19,0.317,4.15,1220.0,0.296,310.0,20.67,0.629,0.023,,-0.814757,44.787,0
523599 (2003 RM),20523599.0,1,0,2.91,0.606,11.0,1.15,4.68,1820.0,0.198,172.0,19.64,,,,0.082924,41.5513,0
(2000 EB14),3031176.0,1,0,0.896,0.496,11.6,0.452,1.34,310.0,1.16,35.3,23.43,,,1.79,-0.0160609,39.4134,1
483656 (2005 ES70),20483656.0,1,0,0.763,0.386,20.8,0.468,1.06,244.0,1.48,211.0,23.77,,,1.69,-0.00800644,36.5159,1
(2009 BD),3444297.0,1,0,1.06,0.0519,1.27,1.01,1.12,400.0,0.9,120.0,28.1,,,,-0.0667463,31.815,0
480808 (1994 XL1),20480808.0,1,1,0.671,0.526,28.2,0.318,1.02,201.0,1.79,317.0,20.64,,,,-0.00327779,28.582,1
152563 (1992 BF),20152563.0,1,0,0.908,0.272,7.25,0.661,1.15,316.0,1.14,242.0,19.71,0.272,0.287,32.0,-0.00126754,28.5462,1
(1995 CR),3005973.0,1,1,0.907,0.868,4.08,0.119,1.69,315.0,1.14,169.0,21.76,,,2.66,-0.00866538,28.5445,1
(2010 VQ),3550139.0,1,0,0.861,0.197,0.346,0.691,1.03,292.0,1.23,110.0,27.72,,,,-0.0405427,27.395,1
441987 (2010 NY65),20441987.0,1,1,1.0,0.37,11.5,0.632,1.38,367.0,0.98,208.0,21.36,0.228,0.071,4.9706,-0.00183072,26.719,1
679648 (2019 XS),20679648.0,1,0,1.01,0.326,4.45,0.678,1.33,369.0,0.977,68.8,23.85,,,2.35,-0.00773308,22.8661,1
(2002 JR100),3126183.0,1,0,0.924,0.299,3.71,0.648,1.2,324.0,1.11,278.0,24.3,0.028,0.441,,-0.013768,21.7914,1
612197 (2000 WP19),20612197.0,1,0,0.854,0.288,7.68,0.608,1.1,288.0,1.25,347.0,22.93,,,,0.00961797,21.6989,1
(2018 CW2),3799312.0,1,0,0.76,0.422,5.1,0.439,1.08,242.0,1.49,123.0,25.66,,,,-0.0291045,20.5134,1
(2003 BN4),3147315.0,1,0,1.27,0.172,5.59,1.05,1.49,523.0,0.688,335.0,24.26,,,,-0.0071304,19.2449,1
(2003 FY6),3151655.0,1,0,0.73,0.582,6.6,0.305,1.15,228.0,1.58,222.0,22.61,,,,-0.00516518,18.8384,1
(2001 CQ36),3070801.0,1,0,0.937,0.177,1.26,0.771,1.1,332.0,1.09,195.0,22.74,,,,-0.00670924,18.716,1
829223 (2006 CT),20829223.0,1,0,1.1,0.231,2.74,0.844,1.35,419.0,0.858,194.0,22.28,,,16.69,-0.00388821,18.6693,0
(2000 PN8),3092269.0,1,0,1.25,0.217,22.4,0.981,1.52,512.0,0.703,59.3,22.04,,,,0.00523494,18.443,1
(2012 BB124),3597095.0,1,1,1.15,0.211,15.8,0.911,1.4,453.0,0.794,299.0,21.1,,,,0.00290486,18.1012,1
(2011 EP51),3559843.0,1,0,0.829,0.308,3.43,0.574,1.08,276.0,1.31,31.9,25.2,,,,-0.0168164,17.4797,1
(2003 YL118),3170231.0,1,1,1.13,0.486,7.61,0.581,1.68,439.0,0.819,133.0,21.6,,,,-0.00905692,16.6995,1
827991 (2002 XQ40),20827991.0,1,0,1.08,0.351,2.19,0.698,1.45,407.0,0.884,272.0,22.4,,,,-0.00462836,16.6072,1
(2009 WB105),3479013.0,1,0,0.826,0.253,38.4,0.617,1.03,274.0,1.31,315.0,23.5,,,,0.00688506,16.356,1
364136 (2006 CJ),20364136.0,1,1,0.677,0.755,10.2,0.166,1.19,203.0,1.77,16.9,20.19,,,,-0.00367582,16.2965,1
138175 (2000 EE104),20138175.0,1,1,1.0,0.293,5.23,0.709,1.3,367.0,0.98,84.8,20.49,,,13.324,-0.00446822,16.181,1
(2012 GA5),3602525.0,1,0,1.14,0.0665,7.3,1.07,1.22,446.0,0.807,322.0,24.19,,,,-0.00430032,15.9548,0
(2016 GW221),3752012.0,1,0,0.828,0.267,3.76,0.607,1.05,275.0,1.31,70.5,24.75,,,0.2856,-0.00735097,15.8746,1
(2007 TF68),3388356.0,1,0,1.41,0.266,26.2,1.03,1.78,609.0,0.591,271.0,22.62,,,,-0.00805496,15.7171,1
185851 (2000 DP107),20185851.0,1,1,1.37,0.377,8.67,0.851,1.88,583.0,0.618,309.0,18.31,0.863,0.137,2.7754,0.000407794,15.4078,1
(2010 GD35),3515692.0,1,0,0.764,0.481,7.82,0.397,1.13,244.0,1.47,273.0,24.62,,,,0.011357,15.2811,1
(2018 KR),3824981.0,1,0,0.885,0.208,1.16,0.701,1.07,304.0,1.18,217.0,26.39,,,,-0.0101639,14.9333,1
450237 (2002 XY38),20450237.0,1,0,0.911,0.218,2.12,0.713,1.11,318.0,1.13,294.0,23.18,0.096,0.134,,-0.00526751,14.9304,1
85990 (1999 JV6),20085990.0,1,1,1.01,0.312,5.36,0.695,1.32,370.0,0.972,341.0,20.27,0.451,0.095,6.538,-0.0014786,14.4802,1
(2004 JN1),3182169.0,1,0,1.09,0.176,1.5,0.895,1.28,413.0,0.872,79.0,23.74,,,,-0.0164312,14.27,0
(2011 CL50),3557536.0,1,0,0.882,0.146,0.187,0.754,1.01,303.0,1.19,111.0,27.3,,,,0.194959,14.0674,0
(2003 AF23),3146499.0,1,1,0.874,0.426,23.2,0.502,1.25,299.0,1.21,78.2,21.01,,,19.89,-0.00246719,13.7747,1
(2001 BB16),3071939.0,1,0,0.855,0.172,2.03,0.708,1.0,289.0,1.25,303.0,23.2,,,,0.0153562,13.4988,0
139359 (2001 ME1),20139359.0,1,1,2.63,0.87,5.96,0.343,4.93,1560.0,0.231,231.0,16.52,,,,-0.0275336,13.3378,0
(2000 TU28),3050517.0,1,1,1.07,0.183,15.6,0.877,1.27,406.0,0.887,134.0,21.05,,,128.5,-0.00349841,13.316,1
1862 Apollo (1932 HA),20001862.0,1,1,1.47,0.56,6.35,0.647,2.29,652.0,0.552,114.0,16.08,1.5,0.25,3.065,-0.000190871,13.1678,1
363599 (2004 FG11),20363599.0,1,1,1.59,0.724,3.13,0.438,2.73,730.0,0.493,267.0,21.05,0.152,0.306,7.021,-0.00451215,12.8028,1
326354 (2000 SJ344),20326354.0,1,0,1.14,0.175,5.75,0.941,1.34,445.0,0.809,222.0,22.78,,,,-0.0062738,12.7025,1
401885 (2001 RV17),20401885.0,1,0,0.915,0.342,7.53,0.602,1.23,320.0,1.13,87.4,20.42,,,,-0.00240239,12.5853,1
477719 (2010 SG15),20477719.0,1,0,2.08,0.476,0.828,1.09,3.07,1090.0,0.329,12.8,25.26,,,,-0.00683813,12.1676,1
(2014 RQ17),3687148.0,1,0,1.77,0.443,3.66,0.985,2.55,858.0,0.42,254.0,22.3,,,0.5216,-0.00164974,12.1279,1
363027 (1998 ST27),20363027.0,1,1,0.82,0.53,21.1,0.386,1.25,271.0,1.33,88.4,19.58,0.578,0.059,3.0,0.00098515,12.0667,1
350462 (1998 KG3),20350462.0,1,0,1.16,0.117,5.51,1.02,1.29,456.0,0.79,108.0,22.1,,,13.335,-0.00279628,12.036,1
612600 (2003 SM84),20612600.0,1,0,1.13,0.082,2.8,1.03,1.22,436.0,0.826,279.0,23.02,,,,-0.00711312,11.895,1
1566 Icarus (1949 MA),20001566.0,1,1,1.08,0.827,22.8,0.186,1.97,409.0,0.881,153.0,16.53,1.0,0.51,2.2726,-0.00050242,11.5149,1
468468 (2004 KH17),20468468.0,1,1,0.712,0.498,22.1,0.357,1.07,220.0,1.64,112.0,22.01,0.197,0.072,,-0.00435601,11.4344,1
(2016 TH94),3762462.0,1,0,0.827,0.373,23.1,0.519,1.14,275.0,1.31,276.0,24.58,,,,-0.0125928,11.3698,1
399308 (1993 GD),20399308.0,1,0,1.1,0.238,15.5,0.84,1.36,423.0,0.852,201.0,20.62,,,,0.00300008,11.2753,1
613569 (2006 TU7),20613569.0,1,1,0.851,0.47,2.95,0.451,1.25,287.0,1.25,24.7,21.95,,,,0.00696277,11.1681,1
(2007 TF15),3387609.0,1,0,1.11,0.0444,4.26,1.06,1.16,426.0,0.845,337.0,24.69,,,,-0.00921977,10.9877,1
437844 (1999 MN),20437844.0,1,1,0.674,0.665,2.03,0.226,1.12,202.0,1.78,108.0,21.01,,,5.495,0.00323598,10.8883,1
613995 (2008 NP3),20613995.0,1,0,1.0,0.334,1.43,0.669,1.34,368.0,0.978,4.28,22.85,0.193,0.023,,-0.00952346,10.8684,0
(2016 PF8),3756949.0,1,1,1.13,0.563,5.67,0.494,1.77,439.0,0.821,329.0,21.43,,,,0.0102822,10.8377,0
(2015 EG),3712904.0,1,0,0.863,0.356,2.5,0.556,1.17,293.0,1.23,232.0,25.61,,,1.29,-0.0100834,10.7628,1
612094 (1999 NW2),20612094.0,1,0,1.12,0.109,8.68,0.995,1.24,431.0,0.836,80.0,23.27,,,4.2,-0.00342475,10.4081,1
265482 (2005 EE),20265482.0,1,1,1.13,0.328,6.17,0.759,1.5,438.0,0.822,183.0,21.21,,,2.6534,0.00396322,10.2954,1
85953 (1999 FK21),20085953.0,1,0,0.739,0.703,12.6,0.219,1.26,232.0,1.55,259.0,18.09,0.59,0.32,28.08,-0.00137951,10.259,1
(2021 GM1),54134666.0,1,0,0.978,0.0255,1.18,0.953,1.0,353.0,1.02,72.9,30.4,,,,-0.487617,10.2168,0
(2018 HG2),3819574.0,1,0,1.19,0.33,14.3,0.801,1.59,477.0,0.754,352.0,24.26,,,,-0.0186273,9.92841,0
264357 (2000 AZ93),20264357.0,1,1,0.747,0.36,8.59,0.478,1.02,236.0,1.53,202.0,21.17,0.113,0.037,,-0.00272009,9.89259,1
(2017 OU18),3778624.0,1,0,0.826,0.377,30.4,0.514,1.14,274.0,1.31,206.0,23.98,,,,0.0050893,9.8386,1
(2005 RZ2),3289743.0,1,0,1.11,0.103,13.2,0.992,1.22,425.0,0.847,47.3,23.3,,,,-0.00509821,9.74206,1
326290 Akhenaten (1998 HE3),20326290.0,1,1,0.879,0.44,3.38,0.492,1.27,301.0,1.2,63.6,21.83,,,,-0.00178066,9.73762,1
216985 (2000 QK130),20216985.0,1,1,1.18,0.262,4.72,0.871,1.49,469.0,0.768,305.0,21.34,,,,0.00445685,9.60581,1
(1996 AE2),3008362.0,1,0,1.37,0.257,37.4,1.02,1.72,584.0,0.616,270.0,20.23,,,,0.00205404,9.53058,1
488453 (1994 XD),20488453.0,1,1,2.34,0.734,4.33,0.624,4.06,1310.0,0.275,233.0,19.24,,,2.7365,0.00137359,9.42848,1
(2009 OS5),3465236.0,1,0,1.15,0.0994,1.71,1.03,1.26,449.0,0.801,146.0,24.4,,,,-0.0130499,9.36705,1
613862 (2007 UY1),20613862.0,1,0,0.949,0.176,1.02,0.782,1.12,338.0,1.07,302.0,23.1,,,,-0.00819709,9.34229,1
(2005 VL1),3297629.0,1,0,0.891,0.225,0.236,0.691,1.09,307.0,1.17,49.7,26.45,,,,-0.0102745,9.29348,1
3361 Orpheus (1982 HR),20003361.0,1,1,1.21,0.323,2.65,0.819,1.6,486.0,0.74,321.0,19.54,0.3,0.357,3.5327,0.000860842,9.1828,1
481442 (2006 WO3),20481442.0,1,0,0.8,0.447,21.2,0.442,1.16,261.0,1.38,346.0,21.58,,,,-0.00335774,9.16048,1
216523 (2001 HY7),20216523.0,1,1,0.914,0.412,5.21,0.537,1.29,319.0,1.13,181.0,20.7,,,0.042,0.00205604,9.07319,1
(2000 EM26),3092253.0,1,0,0.817,0.467,3.84,0.436,1.2,270.0,1.33,60.6,22.51,,,,-0.00991324,9.05691,1
297418 (2000 SP43),20297418.0,1,1,0.812,0.467,10.3,0.433,1.19,267.0,1.35,250.0,18.52,0.407,0.388,6.314,-0.00130648,9.05574,1
(2008 DB),3403149.0,1,0,1.05,0.233,4.22,0.808,1.3,395.0,0.912,211.0,25.8,,,,-0.0588542,8.98008,0
455176 (1999 VF22),20455176.0,1,1,1.31,0.739,3.92,0.343,2.28,549.0,0.655,146.0,20.71,,,6.681,-0.00393878,8.97815,1
162004 (1991 VE),20162004.0,1,0,0.891,0.665,7.22,0.299,1.48,307.0,1.17,263.0,18.29,,,13.4895,0.00204832,8.92505,0
99907 (1989 VA),20099907.0,1,0,0.728,0.595,28.8,0.295,1.16,227.0,1.59,156.0,17.94,1.4,,2.5246,0.00126128,8.87919,1
310842 (2003 AK18),20310842.0,1,0,0.877,0.384,7.4,0.54,1.21,300.0,1.2,64.7,19.83,,,5.3257,-0.00200148,8.82553,1
4179 Toutatis (1989 AC),20004179.0,1,1,2.54,0.625,0.448,0.954,4.13,1480.0,0.243,76.9,15.29,5.4,0.405,176.0,-0.000272046,8.80362,1
(2021 UN7),54214728.0,1,0,0.999,0.393,20.3,0.606,1.39,365.0,0.987,97.0,23.36,,,,-0.0142823,8.70696,1
(2013 GZ7),3634186.0,1,0,1.41,0.192,5.28,1.14,1.67,609.0,0.591,213.0,24.0,,,,-0.00244837,8.67344,0
796478 (2009 WF),20796478.0,1,0,1.39,0.329,15.8,0.93,1.84,596.0,0.604,338.0,19.78,,,,0.00992309,8.57314,0
330659 (2008 GG2),20330659.0,1,0,1.59,0.278,13.0,1.15,2.03,730.0,0.493,292.0,23.01,,,,0.00318565,8.5627,1
175706 (1996 FG3),20175706.0,1,1,1.05,0.35,1.97,0.685,1.42,396.0,0.91,36.7,18.3,1.196,0.072,3.5942,-0.00056997,8.52809,1
480820 (1998 VF32),20480820.0,1,1,0.851,0.444,23.7,0.473,1.23,287.0,1.26,46.6,20.97,,,,0.00158394,8.52426,1
2062 Aten (1976 AA),20002062.0,1,0,0.967,0.183,18.9,0.79,1.14,347.0,1.04,32.6,17.11,1.1,0.26,42.15,-0.000628154,8.3266,1
10302 (1989 ML),20010302.0,1,0,1.27,0.137,4.38,1.1,1.45,524.0,0.686,122.0,19.44,,,19.2406,0.00172402,8.28429,1
595116 (2001 QE96),20595116.0,1,0,1.31,0.0281,7.27,1.27,1.35,548.0,0.657,320.0,22.77,,,,-0.00505709,8.23323,1
796120 (2009 EM1),20796120.0,1,0,2.53,0.554,18.0,1.13,3.93,1470.0,0.245,61.2,23.0,,,,-0.0118362,8.12912,0
385186 (1994 AW1),20385186.0,1,1,1.1,0.0756,24.1,1.02,1.19,424.0,0.849,295.0,17.64,0.811,0.223,2.5193,0.000486579,8.04111,1
470975 (2009 SC15),20470975.0,1,0,1.26,0.179,6.84,1.04,1.49,520.0,0.693,341.0,21.43,,,10.354,-0.00449069,8.01081,1
510529 (2012 EY11),20510529.0,1,1,1.15,0.151,9.02,0.975,1.32,450.0,0.801,145.0,21.58,,,,-0.00543073,7.8887,1
(2014 WF497),3701710.0,1,0,1.11,0.222,28.4,0.864,1.36,427.0,0.843,232.0,20.34,,,,0.00728239,7.84094,0
(1997 YM9),3092168.0,1,0,1.1,0.104,7.84,0.982,1.21,419.0,0.859,82.7,24.36,,,,0.00413127,7.77885,1
(1999 UQ),3092237.0,1,0,1.09,0.0156,24.8,1.08,1.11,418.0,0.861,92.4,21.87,,,,-0.00414999,7.72624,1
(1994 WR12),3005969.0,1,0,0.757,0.397,6.85,0.456,1.06,240.0,1.5,153.0,22.4,,,,-0.0108863,7.71719,1
348306 (2005 AY28),20348306.0,1,1,0.873,0.57,5.88,0.375,1.37,298.0,1.21,92.3,21.55,,,,-0.00473218,7.70322,1
412976 (1987 WC),20412976.0,1,0,1.36,0.234,15.8,1.04,1.68,581.0,0.62,5.03,19.9,,,,0.0026462,7.68081,1
363505 (2003 UC20),20363505.0,1,1,0.781,0.337,3.78,0.518,1.04,252.0,1.43,118.0,18.47,1.876,0.029,29.6,-0.000424475,7.67475,1
499998 (2011 PT),20499998.0,1,0,1.32,0.217,2.22,1.03,1.6,551.0,0.653,140.0,24.01,,,,-0.00873178,7.60122,1
164207 Cardea (2004 GU9),20164207.0,1,1,1.0,0.136,13.7,0.865,1.14,366.0,0.984,97.3,21.19,0.163,0.219,,-0.00267124,7.5838,1
6489 Golevka (1991 JX),20006489.0,1,1,2.48,0.619,2.26,0.944,4.01,1420.0,0.253,252.0,19.22,0.53,0.151,6.026,-0.00053018,7.5648,1
(2000 AA6),3025766.0,1,1,1.29,0.519,2.03,0.618,1.95,533.0,0.676,219.0,22.44,0.316,0.026,,0.00714094,7.54133,0
152671 (1998 HL3),20152671.0,1,1,1.13,0.366,2.68,0.716,1.54,438.0,0.822,255.0,20.24,0.298,0.2,,-0.00229334,7.44456,1
(2022 QX4),54297628.0,1,0,0.681,0.505,0.138,0.337,1.02,205.0,1.75,99.7,24.7,,,0.088812,-0.0287727,7.43526,1
350523 (2000 EA14),20350523.0,1,1,1.12,0.203,3.56,0.891,1.34,432.0,0.834,13.6,21.16,,,,0.00282663,7.39171,1
467351 (2003 KO2),20467351.0,1,1,0.728,0.511,23.5,0.356,1.1,227.0,1.59,266.0,20.36,,,6.48,0.00205213,7.3877,1
494710 (2005 MO13),20494710.0,1,1,0.863,0.411,6.32,0.509,1.22,293.0,1.23,23.1,20.75,,,,-0.00308348,7.33376,1
(2018 GY),3802409.0,1,0,0.767,0.406,8.75,0.455,1.08,245.0,1.47,298.0,24.83,,,,-0.017828,7.32496,1
334412 (2002 EZ2),20334412.0,1,0,1.25,0.046,13.0,1.19,1.31,510.0,0.706,149.0,20.32,,,34.077,-0.00209749,7.25588,1
(2012 UK171),3615463.0,1,0,0.859,0.223,1.29,0.667,1.05,291.0,1.24,272.0,24.46,,,,-0.00223149,7.11592,1
416151 (2002 RQ25),20416151.0,1,0,1.11,0.306,4.57,0.771,1.45,428.0,0.841,10.7,20.67,,,12.191,0.00267955,7.10448,1
154590 (2003 MA3),20154590.0,1,1,1.11,0.402,1.42,0.661,1.55,424.0,0.848,36.3,21.7,0.086,0.53,,-0.00410863,7.08648,1
(2015 KJ19),3719475.0,1,0,2.08,0.745,2.55,0.531,3.63,1100.0,0.328,198.0,22.51,,,,0.0168665,7.05943,1
747011 (2012 PG6),20747011.0,1,0,0.837,0.616,6.53,0.321,1.35,280.0,1.29,356.0,20.24,,,10.58,0.00513801,7.05692,1
(2018 KC2),3825017.0,1,0,1.16,0.232,4.48,0.892,1.43,457.0,0.787,109.0,22.89,,,,0.0127863,7.00829,0
(2005 TF49),3293832.0,1,1,1.04,0.0254,24.5,1.02,1.07,389.0,0.926,34.7,19.05,,,,-0.0013109,6.96683,0
(2012 HL31),3603128.0,1,0,0.888,0.374,19.8,0.556,1.22,305.0,1.18,226.0,22.43,,,,-0.00657734,6.94347,1
(2010 VK139),3551475.0,1,0,0.78,0.282,27.0,0.56,1.0,252.0,1.43,103.0,23.71,0.055,0.196,0.0299522,-0.00769662,6.93912,1
66400 (1999 LT7),20066400.0,1,0,0.855,0.573,9.06,0.366,1.35,289.0,1.25,25.6,19.27,0.411,0.182,,-0.00166537,6.87266,1
(2021 FR1),54132420.0,1,0,1.08,0.392,6.96,0.658,1.5,411.0,0.876,320.0,22.39,,,,-0.0581567,6.86624,0
422686 (2000 AC6),20422686.0,1,1,0.854,0.287,4.7,0.609,1.1,288.0,1.25,115.0,21.63,0.176,0.143,2.4437,0.00198186,6.8016,1
357622 (2005 EY95),20357622.0,1,1,1.08,0.538,3.17,0.5,1.67,412.0,0.874,187.0,20.32,,,3.925,-0.00234372,6.76375,1
(2012 UU136),3614397.0,1,1,1.16,0.212,35.6,0.914,1.41,456.0,0.789,269.0,21.45,,,,0.00404558,6.73409,0
(2000 CK59),3031776.0,1,0,1.48,0.311,5.71,1.02,1.94,655.0,0.549,137.0,24.1,,,,-0.00715646,6.69078,1
283457 (2001 MQ3),20283457.0,1,0,2.24,0.455,5.57,1.22,3.25,1220.0,0.295,91.6,19.1,,,,-0.00197923,6.66898,1
424392 (2007 YJ),20424392.0,1,0,1.1,0.28,3.31,0.795,1.41,423.0,0.851,39.4,22.12,0.239,0.054,,-0.00712048,6.65166,1
(2011 PU1),3574830.0,1,0,1.3,0.246,4.36,0.983,1.62,544.0,0.662,236.0,25.6,,,,-0.0175863,6.64329,1
492143 (2013 OE),20492143.0,1,0,2.03,0.509,9.79,0.998,3.07,1060.0,0.34,7.92,17.65,,,77.51,0.0108178,6.60596,0
(2010 XX72),3554011.0,1,0,0.903,0.284,4.47,0.647,1.16,314.0,1.15,330.0,22.06,,,,-0.00778087,6.56716,1
2101 Adonis (1936 CA),20002101.0,1,1,1.87,0.764,1.32,0.442,3.31,937.0,0.384,24.5,18.69,0.6,,,-0.00230349,6.52888,1
4581 Asclepius (1989 FC),20004581.0,1,1,1.02,0.357,4.92,0.658,1.39,378.0,0.953,233.0,20.74,,,8.008,-0.0017353,6.5205,1
(2015 XC352),3736678.0,1,0,1.02,0.146,4.48,0.867,1.16,374.0,0.964,173.0,25.82,,,,-0.032304,6.49438,0
(2011 JW10),3565395.0,1,0,1.31,0.215,21.6,1.03,1.59,548.0,0.657,193.0,23.14,,,,-0.00790606,6.4875,1
69230 Hermes (1937 UB),20069230.0,1,1,1.66,0.624,6.07,0.622,2.69,778.0,0.463,105.0,17.68,,,13.894,-0.000615884,6.44867,1
(1994 GL),3092124.0,1,0,0.683,0.504,3.68,0.339,1.03,206.0,1.74,163.0,25.5,,,,0.0305503,6.41526,1
33342 (1998 WT24),20033342.0,1,1,0.719,0.418,7.37,0.419,1.02,223.0,1.62,315.0,18.02,0.432,0.654,3.697,-0.00149289,6.41312,1
(2020 FW6),54016425.0,1,0,1.31,0.299,25.5,0.92,1.7,548.0,0.656,211.0,23.22,,,,-0.00528521,6.40618,1
506590 (2005 XB1),20506590.0,1,0,1.13,0.419,8.71,0.658,1.61,440.0,0.819,292.0,21.97,0.099,0.287,,0.00540607,6.34839,1
481965 (2009 EB1),20481965.0,1,0,1.11,0.454,12.5,0.604,1.61,425.0,0.847,324.0,20.69,,,,-0.00277187,6.34407,1
388188 (2006 DP14),20388188.0,1,1,1.36,0.776,11.8,0.305,2.42,582.0,0.618,164.0,19.0,,,5.7868,-0.00299619,6.3002,1
163000 (2001 SW169),20163000.0,1,0,1.25,0.0514,3.55,1.18,1.31,509.0,0.707,168.0,19.25,,,69.97,-0.00132922,6.29943,1
467460 (2006 JF42),20467460.0,1,1,0.672,0.582,5.94,0.281,1.06,201.0,1.79,304.0,19.05,,,13.98,0.00268474,6.24528,1
162361 (2000 AF6),20162361.0,1,1,0.876,0.411,2.71,0.516,1.24,299.0,1.2,310.0,20.24,,,3.4558,0.00162261,6.21684,1
(2007 RY19),3384484.0,1,0,1.11,0.253,12.6,0.827,1.39,426.0,0.846,147.0,22.75,,,,-0.00537468,6.07836,1
4034 Vishnu (1986 PA),20004034.0,1,1,1.06,0.444,11.2,0.589,1.53,398.0,0.904,262.0,18.49,0.42,0.52,44.4,-0.00184073,6.01408,1
163023 (2001 XU1),20163023.0,1,0,0.797,0.546,27.1,0.362,1.23,260.0,1.38,350.0,19.52,,,,0.00308809,5.96396,1
612358 (2002 JE9),20612358.0,1,1,1.07,0.417,8.77,0.622,1.51,402.0,0.896,200.0,21.4,,,,-0.00392106,5.95574,1
467336 (2002 LT38),20467336.0,1,1,0.845,0.314,6.18,0.58,1.11,284.0,1.27,268.0,20.61,,,14.95,0.00149077,5.93406,1
(2006 KS1),3333612.0,1,0,1.47,0.315,3.65,1.01,1.93,651.0,0.553,6.85,25.41,,,,0.239572,5.92369,0
745311 (2010 XC15),20745311.0,1,1,0.732,0.42,8.24,0.425,1.04,229.0,1.57,95.6,21.48,,,2.673,-0.00978819,5.91649,1
(2015 TC25),3729281.0,1,0,1.03,0.116,3.74,0.909,1.15,381.0,0.945,181.0,29.34,,,0.03715,4.64561,5.89253,0
242191 (2003 NZ6),20242191.0,1,0,0.793,0.492,18.2,0.403,1.18,258.0,1.39,132.0,19.02,0.37,0.334,13.531,0.00163719,5.89041,1
8014 (1990 MF),20008014.0,1,1,1.75,0.456,1.87,0.951,2.54,844.0,0.427,102.0,18.88,0.7,,50.09,-0.000974993,5.85012,1
310442 (2000 CH59),20310442.0,1,1,0.862,0.423,3.26,0.497,1.23,292.0,1.23,218.0,19.82,,,6.0542,0.00213081,5.81599,1
613471 (2006 RJ1),20613471.0,1,0,0.95,0.3,1.41,0.665,1.24,338.0,1.06,20.0,22.27,,,,-0.00919667,5.81405,1
452334 (2001 LB),20452334.0,1,0,1.24,0.189,20.8,1.0,1.47,502.0,0.717,325.0,21.08,,,,-0.00104343,5.81136,1
337248 (2000 RH60),20337248.0,1,0,0.826,0.551,19.6,0.371,1.28,274.0,1.31,21.5,20.08,0.846,0.025,25.2,-0.0024044,5.80881,0
(1998 KY26),3012392.0,1,0,1.23,0.2,1.49,0.983,1.47,498.0,0.724,0.983,25.91,0.011,0.52,0.089193,-0.00917058,5.79882,1
(2014 WF201),3698475.0,1,0,1.11,0.111,8.5,0.988,1.23,428.0,0.841,171.0,25.59,,,0.4743,-0.0906285,5.72115,0
(2019 QU2),3843622.0,1,0,0.824,0.705,11.3,0.243,1.4,273.0,1.32,11.4,22.21,,,,-0.00633625,5.70621,1
(2008 LG2),3413165.0,1,0,0.851,0.23,3.06,0.656,1.05,287.0,1.26,252.0,25.34,,,,-0.0264109,5.70286,1
(1999 SH10),3022971.0,1,0,1.1,0.131,9.59,0.955,1.24,421.0,0.856,313.0,22.75,,,0.1264,-0.00245949,5.69547,1
350751 (2002 AW),20350751.0,1,1,1.07,0.257,0.574,0.796,1.35,405.0,0.889,37.7,20.82,,,4.647,-0.00240204,5.66811,1
306383 (1993 VD),20306383.0,1,1,0.876,0.552,2.07,0.393,1.36,299.0,1.2,127.0,21.49,,,0.94345,-0.00163629,5.65166,1
138852 (2000 WN10),20138852.0,1,0,1.0,0.298,21.5,0.703,1.3,366.0,0.983,91.1,20.3,,,4.4622,0.0015861,5.64061,1
443880 (2001 UZ16),20443880.0,1,1,1.76,0.427,12.7,1.01,2.51,853.0,0.422,129.0,19.38,0.228,0.593,13.719,-0.00204591,5.61833,1
(1997 XE10),3007642.0,1,0,1.87,0.478,6.29,0.977,2.77,935.0,0.385,328.0,24.53,,,,0.0286585,5.60775,0
416002 (2002 BN),20416002.0,1,0,0.875,0.546,27.8,0.397,1.35,299.0,1.2,305.0,20.49,,,,-0.00414861,5.59705,1
465617 (2009 EK1),20465617.0,1,1,1.24,0.229,9.12,0.957,1.53,505.0,0.713,155.0,21.36,,,,-0.0045441,5.58549,0
614470 Flordeneu (2009 ST19),20614470.0,1,1,2.36,0.595,6.73,0.954,3.76,1320.0,0.272,168.0,18.38,,,,0.0140767,5.57772,0
153201 (2000 WO107),20153201.0,1,1,0.911,0.781,7.77,0.2,1.62,318.0,1.13,313.0,19.3,0.51,0.129,5.022,-0.00235278,5.56417,0
412983 (1996 FO3),20412983.0,1,1,1.44,0.29,5.81,1.02,1.86,632.0,0.569,72.4,20.16,,,,-0.00319114,5.54787,1
478784 (2012 UV136),20478784.0,1,0,1.01,0.14,2.1,0.868,1.15,370.0,0.973,245.0,25.6,,,,-0.00391848,5.54197,1
741081 (2005 LW3),20741081.0,1,1,1.44,0.464,6.02,0.772,2.11,630.0,0.571,293.0,21.67,,,3.6,-0.00340604,5.52599,1
153814 (2001 WN5),20153814.0,1,1,1.71,0.467,1.92,0.912,2.51,818.0,0.44,287.0,18.28,0.932,0.097,4.253,0.00448789,5.5043,0
4688 (1980 WF),20004688.0,1,0,2.23,0.518,6.37,1.08,3.39,1220.0,0.295,163.0,19.6,0.6,0.18,,-0.00136175,5.46809,1
192559 (1998 VO),20192559.0,1,1,1.07,0.227,10.1,0.831,1.32,407.0,0.884,176.0,20.43,,,,-0.00157392,5.44673,1
410777 (2009 FD),20410777.0,1,0,1.16,0.493,3.12,0.59,1.74,459.0,0.785,50.4,22.18,0.472,0.01,4.0,0.00383728,5.42046,1
199145 (2005 YY128),20199145.0,1,1,1.65,0.732,3.77,0.441,2.86,773.0,0.466,87.7,18.3,,,15.59,0.00698316,5.39937,0
251732 (1998 HG49),20251732.0,1,0,1.2,0.113,4.19,1.07,1.34,480.0,0.749,188.0,21.76,,,,-0.00372337,5.37816,1
(2003 GQ22),3152317.0,1,1,0.872,0.181,17.0,0.714,1.03,298.0,1.21,105.0,21.34,,,,0.00459633,5.33756,1
29075 (1950 DA),20029075.0,1,1,1.7,0.508,12.2,0.837,2.56,809.0,0.445,41.3,17.28,1.3,0.07,2.1216,-0.000272929,5.33516,1
(2012 HN13),3602837.0,1,0,1.41,0.308,4.07,0.974,1.84,611.0,0.59,7.88,22.96,,,,-0.00414045,5.29098,1
(2010 FX9),3512704.0,1,0,1.13,0.367,3.77,0.716,1.55,440.0,0.819,64.8,24.06,0.03,0.425,,-0.010992,5.27901,1
(2005 TG50),3293922.0,1,0,0.923,0.135,2.39,0.798,1.05,324.0,1.11,75.2,24.83,,,,-0.0103111,5.27728,0
526798 (2007 AA9),20526798.0,1,0,0.858,0.42,6.8,0.497,1.22,290.0,1.24,5.44,22.58,,,,-0.00596005,5.25181,1
(2005 EY169),3274304.0,1,0,1.31,0.233,20.9,1.0,1.61,546.0,0.66,274.0,22.29,,,,-0.00500398,5.19918,1
612050 (1997 GL3),20612050.0,1,1,2.27,0.784,6.68,0.49,4.05,1250.0,0.288,139.0,19.14,,,7.572,-0.00229874,5.18034,1
(2008 BP16),3401191.0,1,0,0.829,0.65,29.2,0.29,1.37,276.0,1.31,120.0,21.81,,,,-0.00645744,5.16229,1
2063 Bacchus (1977 HB),20002063.0,1,0,1.08,0.349,9.43,0.701,1.45,409.0,0.881,235.0,17.21,1.024,0.203,14.904,-0.000559025,5.16036,1
(2017 BM123),3768609.0,1,0,1.31,0.297,7.83,0.922,1.7,549.0,0.656,265.0,23.81,,,2.1503,-0.00336603,5.14535,1
(2002 EW8),3117430.0,1,0,1.85,0.46,11.4,0.998,2.7,917.0,0.393,168.0,23.84,,,,0.00682734,5.13103,1
(2015 LA2),3720924.0,1,0,0.883,0.281,7.71,0.635,1.13,303.0,1.19,14.5,23.01,,,,-0.00529849,5.09828,1
204131 (2003 YL),20204131.0,1,0,1.15,0.632,5.65,0.421,1.87,448.0,0.803,8.47,19.94,,,10.27,-0.00307441,5.08971,1
(2002 GD10),3120896.0,1,0,1.22,0.131,19.2,1.06,1.38,490.0,0.734,222.0,22.71,,,0.7356,-0.010164,5.08566,1
(2008 WT62),3440396.0,1,0,0.884,0.354,18.2,0.571,1.2,304.0,1.19,33.9,23.11,,,,-0.0160259,5.07122,1
(2014 US7),3693721.0,1,0,0.859,0.273,9.86,0.624,1.09,291.0,1.24,83.6,26.6,,,,-0.269982,5.06687,0
(2013 BA74),3625704.0,1,0,1.75,0.445,5.22,0.975,2.53,849.0,0.424,171.0,25.4,,,,0.0307249,5.0607,0
19356 (1997 GH3),20019356.0,1,0,2.51,0.558,3.01,1.11,3.91,1450.0,0.248,93.2,17.0,0.91,0.34,6.714,-0.00758236,5.05905,0
433 Eros (A898 PA),20000433.0,1,0,1.46,0.223,10.8,1.13,1.78,643.0,0.56,311.0,10.38,16.84,0.25,5.27,-7.25751e-05,5.05658,0
152828 (1999 VT25),20152828.0,1,1,1.16,0.523,5.15,0.554,1.77,458.0,0.787,208.0,21.26,,,,0.00378427,5.0332,1
457662 (2009 DZ),20457662.0,1,1,1.45,0.302,14.1,1.01,1.89,640.0,0.562,214.0,22.0,,,,-0.00316727,4.96787,1
375505 (2008 UN90),20375505.0,1,0,1.4,0.126,17.5,1.23,1.58,608.0,0.592,121.0,20.2,,,,0.00436965,4.96595,0
154007 (2002 BY),20154007.0,1,0,1.82,0.347,2.73,1.19,2.45,895.0,0.402,190.0,18.12,,,14.91,0.00482685,4.96211,0
152667 (1998 FR11),20152667.0,1,0,2.81,0.708,6.68,0.821,4.79,1720.0,0.21,293.0,16.43,,,,0.011287,4.94714,0
267759 (2003 MC7),20267759.0,1,0,1.37,0.184,21.2,1.12,1.63,588.0,0.612,5.44,18.91,,,,-0.00114383,4.94589,0
(2011 GE3),3561029.0,1,0,0.815,0.293,6.24,0.576,1.05,268.0,1.34,120.0,25.88,,,,-0.0995559,4.93592,0
308635 (2005 YU55),20308635.0,1,1,1.16,0.43,0.34,0.659,1.65,454.0,0.792,146.0,21.91,0.4,,18.0,-0.00804651,4.93481,0
138404 (2000 HA24),20138404.0,1,1,1.14,0.319,2.16,0.776,1.5,444.0,0.811,104.0,19.39,,,3.9077,0.00100342,4.9162,1
455184 (2000 ED14),20455184.0,1,1,0.835,0.567,13.8,0.362,1.31,279.0,1.29,159.0,21.23,,,,0.00424945,4.88856,1
3908 Nyx (1980 PA),20003908.0,1,0,1.93,0.459,2.19,1.04,2.81,978.0,0.368,313.0,17.45,1.0,0.23,4.42601,0.000549214,4.88357,1
234341 (2001 FZ57),20234341.0,1,0,0.944,0.604,20.7,0.374,1.51,335.0,1.07,166.0,18.93,0.344,0.493,,-0.00229986,4.87044,1
380818 (2005 YV128),20380818.0,1,0,0.923,0.512,14.1,0.45,1.4,324.0,1.11,235.0,20.67,,,,0.00294636,4.86503,1
329437 (2002 OA22),20329437.0,1,1,0.936,0.243,6.9,0.708,1.16,331.0,1.09,51.3,19.41,,,2.6214,0.00084132,4.8627,1
230111 (2001 BE10),20230111.0,1,1,0.823,0.369,17.5,0.519,1.13,273.0,1.32,210.0,19.27,,0.253,4.194,-0.00129859,4.81635,1
483459 (2002 EM6),20483459.0,1,0,1.16,0.141,31.8,0.996,1.32,456.0,0.789,239.0,20.32,,,,0.00178062,4.81593,1
437841 (1998 HD14),20437841.0,1,1,0.963,0.313,7.81,0.662,1.26,345.0,1.04,151.0,21.0,,,,-0.00224686,4.79394,1
413577 (2005 UL5),20413577.0,1,1,0.936,0.57,14.3,0.403,1.47,331.0,1.09,313.0,20.34,,,3.4591,-0.00351423,4.79219,1
523801 (1993 TQ2),20523801.0,1,0,1.99,0.419,6.04,1.15,2.82,1020.0,0.352,145.0,20.02,,,,0.00150013,4.7638,1
397326 (2006 TC1),20397326.0,1,0,1.72,0.375,4.49,1.08,2.37,824.0,0.437,104.0,19.09,,,,0.000976105,4.7504,0
491007 (2011 GL62),20491007.0,1,0,1.14,0.707,15.7,0.334,1.95,444.0,0.81,55.5,19.54,,,,-0.00429255,4.74651,0
446924 (2002 VV17),20446924.0,1,0,0.838,0.437,9.7,0.472,1.2,280.0,1.29,250.0,20.21,,,,-0.00195452,4.73226,1
403775 (2011 HS4),20403775.0,1,1,0.938,0.68,5.46,0.3,1.58,332.0,1.08,101.0,20.9,,,,-0.00766914,4.724,0
136582 (1992 BA),20136582.0,1,0,1.34,0.068,10.5,1.25,1.43,568.0,0.634,157.0,19.87,,,,-0.0019563,4.67997,1
4015 Wilson-Harrington (1979 VA),20004015.0,1,1,2.63,0.631,2.8,0.969,4.28,1550.0,0.232,274.0,16.19,4.0,0.05,3.5736,-0.000997098,4.67531,0
4947 Ninkasi (1988 TJ1),20004947.0,1,0,1.37,0.168,15.7,1.14,1.6,586.0,0.615,30.4,18.09,,,21.1,-0.00116192,4.64083,1
612027 (1995 FJ),20612027.0,1,0,1.09,0.27,25.0,0.792,1.38,413.0,0.872,298.0,20.68,,,9.2,0.00214639,4.63483,1
267337 (2001 VK5),20267337.0,1,1,1.27,0.514,19.4,0.617,1.92,522.0,0.689,341.0,18.05,0.439,0.578,39.05,-0.00306215,4.61302,1
457059 (2008 EG),20457059.0,1,0,0.943,0.739,26.8,0.246,1.64,334.0,1.08,34.2,20.05,,,,-0.0189474,4.57824,0
(2017 XO2),3791291.0,1,0,1.13,0.365,14.5,0.72,1.55,441.0,0.817,289.0,22.49,,,,-0.00448764,4.55173,1
469445 (2002 LT24),20469445.0,1,0,0.72,0.496,0.766,0.363,1.08,223.0,1.61,302.0,22.14,0.143,0.136,,-0.0045936,4.55163,1
613398 (2006 FK),20613398.0,1,0,0.923,0.343,14.6,0.606,1.24,324.0,1.11,223.0,21.25,,,,0.00356887,4.54999,1
162117 (1998 SD15),20162117.0,1,0,0.933,0.345,26.8,0.611,1.25,329.0,1.09,165.0,19.04,,,7.33,-0.000854653,4.53103,1
523828 (1992 BC),20523828.0,1,0,1.42,0.352,14.3,0.921,1.92,619.0,0.581,305.0,19.96,,,,-0.00267666,4.52077,1
(2010 WF3),3552574.0,1,0,1.08,0.268,10.8,0.788,1.36,408.0,0.883,10.2,21.0,,,,-0.00392824,4.51303,1
417816 (2007 FA),20417816.0,1,1,1.25,0.266,16.3,0.918,1.58,510.0,0.705,54.3,20.27,,,,-0.00169163,4.49476,1
(2006 BE55),3314045.0,1,1,1.2,0.424,2.4,0.688,1.7,477.0,0.754,347.0,21.98,,,5.61,-0.00608118,4.48805,1
358453 (2007 EH88),20358453.0,1,0,1.12,0.441,12.1,0.627,1.62,435.0,0.828,115.0,19.83,,,,-0.00396724,4.4587,0
(2020 PP1),54050999.0,1,0,1.01,0.0701,5.98,0.936,1.08,369.0,0.976,220.0,26.68,,,,-0.00246072,4.43164,1
376879 (2001 WW1),20376879.0,1,0,1.21,0.122,21.7,1.06,1.36,486.0,0.741,332.0,22.35,,,,0.0129447,4.41913,1
(2002 QQ40),3134259.0,1,1,1.21,0.564,1.72,0.53,1.9,489.0,0.736,68.4,21.48,,,,-0.000934467,4.40221,0
26310 (1998 TX6),20026310.0,1,0,2.14,0.47,5.38,1.13,3.14,1140.0,0.315,270.0,19.28,,,,-0.00200459,4.39638,1
474179 (1999 VS6),20474179.0,1,0,1.2,0.223,28.0,0.93,1.46,479.0,0.752,250.0,19.08,,,15.88,-0.000199546,4.37364,1
1685 Toro (1948 OA),20001685.0,1,0,1.37,0.436,9.38,0.771,1.96,584.0,0.616,82.7,14.28,3.4,0.31,10.1995,0.00567254,4.36047,1
511684 (2015 BN509),20511684.0,1,1,1.01,0.568,4.16,0.435,1.58,369.0,0.976,196.0,20.78,0.315,0.093,5.6713,0.00169306,4.35835,1
65717 (1993 BX3),20065717.0,1,1,1.4,0.281,2.81,1.0,1.79,602.0,0.598,344.0,20.87,,,20.33,-0.178023,4.35362,0
613014 (2005 QS10),20613014.0,1,0,2.42,0.479,15.8,1.26,3.58,1370.0,0.262,124.0,18.82,,,2.82,-0.00449894,4.35195,1
(2007 AM),3365921.0,1,0,0.799,0.467,11.7,0.426,1.17,261.0,1.38,344.0,21.82,,,,-0.00158462,4.32617,1
612227 (2001 QC34),20612227.0,1,1,1.13,0.188,6.24,0.917,1.34,438.0,0.822,301.0,20.18,,,,-0.00609389,4.3102,1
613714 (2007 DL41),20613714.0,1,1,1.46,0.476,4.67,0.763,2.15,643.0,0.56,150.0,20.82,,,,0.00961571,4.30896,1
(2000 QV7),3046125.0,1,1,1.41,0.523,9.12,0.672,2.15,611.0,0.59,73.2,21.55,,,,-0.986975,4.30505,0
(2020 QA7),54053756.0,1,0,2.72,0.528,8.11,1.28,4.15,1640.0,0.22,52.0,20.13,,,,-0.000195064,4.28813,1
2100 Ra-Shalom (1978 RA),20002100.0,1,0,0.832,0.436,15.8,0.469,1.2,277.0,1.3,249.0,16.24,2.3,0.13,19.797,-0.00378447,4.28719,1
162783 (2000 YJ11),20162783.0,1,1,1.31,0.232,7.26,1.01,1.62,550.0,0.655,229.0,20.91,,,,-0.00415458,4.27487,0
474158 (1999 FA),20474158.0,1,1,1.08,0.133,12.0,0.935,1.22,409.0,0.88,357.0,20.71,,,10.092,0.0407832,4.27427,0
(2021 QH2),54190788.0,1,0,1.0,0.285,10.3,0.718,1.29,368.0,0.979,332.0,25.05,,,,0.00200808,4.26446,1
277810 (2006 FV35),20277810.0,1,0,1.0,0.377,7.1,0.623,1.38,366.0,0.984,76.7,21.72,,,,-0.000955976,4.26419,1
377097 (2002 WQ4),20377097.0,1,1,1.96,0.556,3.94,0.868,3.04,1000.0,0.36,105.0,19.71,,,36.0,-0.0115701,4.24639,1
(2010 WT8),3552653.0,1,0,1.15,0.284,4.54,0.825,1.48,451.0,0.798,252.0,22.02,,,,0.00425406,4.22584,1
(2005 MF5),3283218.0,1,0,0.804,0.382,29.5,0.497,1.11,263.0,1.37,299.0,21.73,,,,-0.00185076,4.22534,0
65679 (1989 UQ),20065679.0,1,1,0.915,0.265,1.3,0.673,1.16,320.0,1.13,287.0,19.62,0.918,0.033,7.746,-0.00498116,4.22153,1
177016 (2003 BM47),20177016.0,1,0,1.16,0.582,13.8,0.485,1.84,456.0,0.789,345.0,19.95,,,,0.00386304,4.21808,1
592968 (2015 FV118),20592968.0,1,0,0.858,0.584,6.24,0.357,1.36,290.0,1.24,356.0,21.68,,,,-0.00103103,4.21335,1
37655 Illapa (1994 PM),20037655.0,1,1,1.48,0.752,18.0,0.366,2.59,656.0,0.549,114.0,17.85,,,2.6556,-1.06699,4.20747,0
(2017 GQ5),3773834.0,1,0,1.25,0.754,37.7,0.307,2.19,510.0,0.706,352.0,20.48,,,,-0.00374735,4.20128,1
337084 (1998 SE36),20337084.0,1,0,1.34,0.0991,11.7,1.21,1.47,567.0,0.634,303.0,19.76,,,11.855,-0.0024672,4.19808,1
(2008 KV2),3412755.0,1,1,0.85,0.412,5.04,0.5,1.2,286.0,1.26,322.0,21.26,,,0.038,-0.000463758,4.19593,1
4769 Castalia (1989 PB),20004769.0,1,1,1.06,0.483,8.89,0.549,1.58,400.0,0.899,324.0,17.4,1.4,0.092,4.095,-0.00735291,4.16961,1
(2016 JE),3752703.0,1,0,0.822,0.472,16.7,0.434,1.21,272.0,1.32,99.7,21.94,,,,-0.00119179,4.16458,1
483422 (2000 CE59),20483422.0,1,1,1.14,0.167,12.3,0.948,1.33,443.0,0.812,341.0,20.53,,,3.623,-0.00764359,4.12927,1
(2014 QH33),3682466.0,1,0,1.08,0.185,2.83,0.884,1.28,412.0,0.873,50.9,24.44,,,,-0.00250649,4.11141,1
(2009 MW),3463371.0,1,0,0.913,0.299,21.0,0.64,1.19,319.0,1.13,69.4,20.86,,,,-0.00227772,4.08226,1
203471 (2002 AU4),20203471.0,1,0,0.855,0.374,17.2,0.536,1.17,289.0,1.25,233.0,19.45,,,13.26,-0.00472721,4.07169,1
(2002 VU114),3143095.0,1,0,1.18,0.286,2.77,0.843,1.52,468.0,0.768,277.0,22.8,,,,-0.00463471,4.05741,1
325102 (2008 EY5),20325102.0,1,0,0.626,0.627,5.11,0.234,1.02,181.0,1.99,47.7,20.17,0.361,0.124,,-0.000214483,4.05024,1
85774 (1998 UT18),20085774.0,1,1,1.4,0.329,13.6,0.941,1.86,607.0,0.593,55.9,19.09,0.939,0.042,55.0,0.00764079,4.03909,1
(2011 EZ40),3559737.0,1,0,1.72,0.443,24.2,0.959,2.48,825.0,0.436,147.0,20.9,,,,-0.00149163,4.03347,1
413260 (2003 TL4),20413260.0,1,1,0.777,0.381,12.2,0.48,1.07,250.0,1.44,330.0,19.57,,,27.2,-0.0104861,4.03112,0
483560 (2004 BV1),20483560.0,1,1,1.46,0.368,12.2,0.925,2.0,646.0,0.557,240.0,19.27,,,5.8124,-0.0020335,4.02055,1
612103 (1999 SK10),20612103.0,1,0,1.76,0.442,6.96,0.985,2.54,856.0,0.421,18.0,19.84,,,,-0.00208436,4.01049,1
497113 (2004 EK1),20497113.0,1,0,1.25,0.251,11.6,0.936,1.56,510.0,0.706,228.0,22.29,,,,-0.0110906,4.00365,1
(2016 CA138),3743123.0,1,0,0.998,0.0494,27.7,0.949,1.05,364.0,0.988,133.0,23.31,,,5.3197,-0.00153938,3.97881,1
136564 (1977 VA),20136564.0,1,0,1.87,0.394,2.98,1.13,2.6,931.0,0.387,311.0,19.28,0.4,,,-0.00143439,3.9695,1
322756 (2001 CK32),20322756.0,1,0,0.724,0.383,8.14,0.447,1.0,225.0,1.6,187.0,19.23,,,4.166,-0.00351006,3.96114,1
523590 (2001 QC96),20523590.0,1,0,1.34,0.38,20.6,0.829,1.84,564.0,0.639,202.0,21.12,,,10.0,-0.0242982,3.94862,0
509102 (2005 VB7),20509102.0,1,0,1.8,0.348,32.6,1.17,2.43,883.0,0.408,75.4,19.46,,,,0.00403821,3.94028,1
(2005 XT77),3307228.0,1,1,0.841,0.266,17.2,0.617,1.07,282.0,1.28,167.0,21.42,,,,0.010806,3.93623,1
(2006 AL4),3311963.0,1,0,2.51,0.594,2.76,1.02,4.0,1450.0,0.248,347.0,24.92,,,,-0.00704345,3.92229,1
(2019 ER1),3838915.0,1,0,1.21,0.13,8.29,1.05,1.37,485.0,0.742,338.0,23.39,,,0.3324,-0.0271064,3.91689,0
525356 (2005 BG14),20525356.0,1,1,1.99,0.727,21.7,0.543,3.44,1030.0,0.35,165.0,18.74,,,,0.0139228,3.91097,0
376707 (1995 OO),20376707.0,1,0,2.16,0.779,23.5,0.477,3.83,1160.0,0.311,263.0,17.0,,,,-0.0274612,3.89261,1
(2016 CO246),3743897.0,1,0,0.995,0.126,6.29,0.869,1.12,362.0,0.993,193.0,25.8,,,,-0.00100885,3.88266,1
7350 (1993 VA),20007350.0,1,0,1.36,0.391,7.26,0.826,1.89,577.0,0.624,73.4,17.16,1.921,0.069,3.58264,-0.00191472,3.87684,0
6456 Golombek (1992 OM),20006456.0,1,0,2.19,0.409,8.22,1.3,3.09,1190.0,0.303,96.5,16.06,,,2.50129,0.00305533,3.86773,1
(1997 WQ23),3007574.0,1,1,1.74,0.495,2.45,0.878,2.6,836.0,0.43,107.0,20.88,,,14.6,-0.00315921,3.86735,1
164222 (2004 RN9),20164222.0,1,0,1.3,0.247,16.1,0.982,1.63,544.0,0.662,29.7,20.85,,,,0.0037058,3.86465,1
(2002 AY1),3102728.0,1,1,0.779,0.437,29.9,0.439,1.12,251.0,1.43,149.0,20.85,,,,-0.0125557,3.86057,1
(2016 AG193),3740496.0,1,0,1.31,0.197,28.8,1.05,1.57,548.0,0.657,225.0,23.5,,,,0.00414658,3.85498,1
614134 (2008 TC4),20614134.0,1,1,0.78,0.554,10.6,0.348,1.21,252.0,1.43,173.0,21.65,,,,-0.0037015,3.85297,1
513126 (1998 QP),20513126.0,1,1,1.79,0.583,9.35,0.745,2.83,872.0,0.413,131.0,21.71,,,,-0.00385613,3.84577,1
(2010 KP10),3523944.0,1,0,1.13,0.166,16.2,0.944,1.32,440.0,0.819,31.0,23.1,0.087,0.101,,-0.0030193,3.83233,1
(2003 MK4),3157028.0,1,1,1.08,0.181,22.3,0.885,1.28,410.0,0.877,249.0,20.86,,,,0.0303223,3.82674,0
612989 (2005 LW39),20612989.0,1,1,1.99,0.716,28.5,0.565,3.41,1020.0,0.352,122.0,20.01,,,,-0.00680138,3.82352,1
(2012 BA35),3596264.0,1,0,1.07,0.116,5.81,0.947,1.19,405.0,0.89,261.0,23.75,,,,0.00304339,3.82241,1
455415 (2003 GA),20455415.0,1,0,1.28,0.191,3.84,1.04,1.53,530.0,0.679,172.0,21.45,,,5.78,-0.00229327,3.81472,1
247517 (2002 QY6),20247517.0,1,0,0.817,0.699,12.8,0.246,1.39,270.0,1.33,342.0,19.62,0.269,0.357,,-0.00444056,3.8105,0
510190 (2011 CX7),20510190.0,1,0,1.3,0.323,10.5,0.88,1.72,541.0,0.666,204.0,20.46,,,,0.13719,3.80889,1
(2014 UV210),3699902.0,1,0,1.16,0.131,0.599,1.0,1.31,453.0,0.794,282.0,26.9,,,0.5559,-0.00279456,3.79835,1
351545 (2005 TE15),20351545.0,1,0,1.2,0.344,13.1,0.79,1.62,483.0,0.746,152.0,19.82,,,10.61,-0.00223337,3.79351,1
85770 (1998 UP1),20085770.0,1,0,0.998,0.345,33.2,0.653,1.34,364.0,0.989,153.0,20.72,,,,-0.00328273,3.78871,0
312942 (1995 EK1),20312942.0,1,0,2.26,0.777,9.08,0.504,4.02,1240.0,0.29,340.0,17.36,,,8.444,-1.07532,3.77851,0
(2010 VW75),3551068.0,1,0,2.72,0.601,1.1,1.08,4.35,1640.0,0.22,136.0,21.88,,,0.180062,-0.415769,3.77412,0
(2011 GP59),3562830.0,1,0,0.869,0.258,8.51,0.645,1.09,296.0,1.22,253.0,24.3,,,0.12251,-0.00291761,3.76421,1
(2003 YS17),3170204.0,1,1,0.93,0.313,6.53,0.639,1.22,328.0,1.1,40.1,21.6,,,,-0.00207711,3.73137,1
613286 (2005 YQ96),20613286.0,1,1,0.743,0.334,22.2,0.495,0.991,234.0,1.54,210.0,20.63,,,,-0.00141775,3.69663,1
307070 (2002 AV31),20307070.0,1,0,1.31,0.249,15.0,0.983,1.64,547.0,0.658,30.0,20.62,0.282,0.117,,-0.0107048,3.68834,0
494690 (2004 JQ1),20494690.0,1,1,1.19,0.45,32.8,0.656,1.73,476.0,0.756,111.0,20.1,,,,-0.012625,3.6855,1
(2022 UY),54316897.0,1,0,0.997,0.114,15.6,0.883,1.11,364.0,0.99,270.0,25.49,,,,-0.00195209,3.68199,1
533638 (2014 KT86),20533638.0,1,0,1.19,0.168,22.5,0.988,1.39,473.0,0.762,237.0,20.39,,,,-1.21627,3.67691,0
(2009 SV17),3467354.0,1,0,2.71,0.585,3.44,1.12,4.29,1630.0,0.221,201.0,19.61,,,17.34,0.0439002,3.66229,0
(2013 UG1),3652985.0,1,0,0.798,0.483,10.7,0.412,1.18,260.0,1.38,84.1,22.59,,,0.15558,0.00223292,3.66083,1
408982 (2002 SP),20408982.0,1,0,0.905,0.6,20.9,0.361,1.45,314.0,1.15,226.0,20.78,,,,-0.00630702,3.66038,0
469219 Kamo`oalewa (2016 HO3),20469219.0,1,0,1.0,0.102,7.8,0.899,1.1,366.0,0.984,46.2,24.31,,,0.467,-0.00982511,3.64897,0
276111 (2002 GM9),20276111.0,1,0,1.87,0.349,17.3,1.21,2.52,930.0,0.387,18.7,18.6,,,,-0.00113546,3.61937,1
152754 (1999 GS6),20152754.0,1,1,1.19,0.497,2.02,0.599,1.78,475.0,0.758,227.0,19.22,0.414,0.216,8.021,-0.00622597,3.61846,1
496901 (2001 HB),20496901.0,1,1,1.31,0.694,9.28,0.402,2.23,550.0,0.654,162.0,20.69,,,,-0.0047023,3.61793,1
(2017 BP32),3767259.0,1,0,1.31,0.21,23.7,1.04,1.59,549.0,0.655,303.0,23.38,,,,-0.00339757,3.61507,1
337252 (2000 SD8),20337252.0,1,0,1.13,0.314,6.55,0.775,1.48,438.0,0.822,84.4,20.82,,,,0.0112486,3.6131,1
425755 (2011 CP4),20425755.0,1,1,0.912,0.87,9.47,0.118,1.71,318.0,1.13,239.0,21.12,,,,0.69313,3.60504,0
(2016 UZ40),3761739.0,1,0,2.07,0.733,2.35,0.553,3.59,1090.0,0.33,354.0,23.4,,,,0.117624,3.5981,0
(2021 CP6),54117567.0,1,0,2.11,0.527,2.72,0.998,3.22,1120.0,0.322,173.0,22.9,,,,-0.01981,3.59581,0
(2005 RD34),3290809.0,1,0,1.33,0.265,19.9,0.975,1.68,558.0,0.645,131.0,20.43,,,,-0.00463988,3.57948,1
525484 (2005 GL),20525484.0,1,1,1.06,0.306,15.9,0.733,1.38,396.0,0.908,282.0,21.3,,,,0.00120416,3.57616,1
136818 Selqet (1997 MW1),20136818.0,1,0,0.938,0.346,12.8,0.613,1.26,332.0,1.09,269.0,18.98,,,,-0.00118956,3.5682,1
175729 (1998 BB10),20175729.0,1,1,1.27,0.425,11.5,0.732,1.81,524.0,0.688,196.0,20.44,,,,-0.00587357,3.56246,1
256004 (2006 UP),20256004.0,1,0,1.58,0.3,2.29,1.11,2.06,728.0,0.495,206.0,23.02,,,,-0.0013913,3.56084,1
401856 (2000 KW43),20401856.0,1,1,1.45,0.478,24.3,0.758,2.15,639.0,0.563,244.0,20.27,,,,-0.000886876,3.55391,1
6037 (1988 EG),20006037.0,1,1,1.27,0.5,3.51,0.636,1.91,524.0,0.687,165.0,18.86,,,2.7602,-0.0100046,3.5527,1
(2007 PB8),3381230.0,1,0,0.88,0.445,16.6,0.489,1.27,302.0,1.19,253.0,21.36,,,,-0.0112264,3.55015,1
(2008 BX2),3400310.0,1,0,0.857,0.341,3.14,0.565,1.15,290.0,1.24,306.0,23.6,,,,0.00859745,3.53588,0
(2003 DF16),3150196.0,1,0,1.78,0.437,26.3,1.0,2.56,870.0,0.414,224.0,20.05,,,,-0.00723424,3.53233,1
(2008 CE119),3402642.0,1,0,1.21,0.176,7.73,0.995,1.42,485.0,0.742,91.5,25.55,,,,-0.039454,3.51916,0
(2016 GE1),3748560.0,1,0,2.06,0.52,10.7,0.991,3.14,1080.0,0.333,79.8,26.7,,,0.009438,-0.00165889,3.50781,0
1864 Daedalus (1971 FA),20001864.0,1,0,1.46,0.614,22.2,0.563,2.36,645.0,0.558,258.0,14.84,3.7,0.273,8.572,-0.00545746,3.50705,1
847431 (1994 CJ1),20847431.0,1,1,1.49,0.325,2.31,1.01,1.98,664.0,0.542,113.0,21.51,,,30.0,-0.00247571,3.50617,1
390725 (2003 HB),20390725.0,1,1,0.85,0.38,18.1,0.527,1.17,286.0,1.26,131.0,19.69,0.293,0.271,,-0.00517787,3.50188,1
(2009 JR2),3459812.0,1,0,1.25,0.179,19.7,1.03,1.47,510.0,0.705,238.0,22.95,,,,-0.0133979,3.4818,1
(2012 XE133),3620867.0,1,0,0.723,0.433,6.73,0.41,1.04,225.0,1.6,205.0,23.3,,,,-0.00995281,3.46638,1
(2019 QG),3843572.0,1,1,0.822,0.239,12.6,0.626,1.02,272.0,1.32,323.0,21.38,,,,-0.00327198,3.45173,1
508772 (1998 WP7),20508772.0,1,0,1.23,0.433,22.0,0.695,1.76,495.0,0.727,29.1,19.85,,,,-0.00224858,3.44772,1
665390 (2009 HD82),20665390.0,1,0,1.25,0.477,5.8,0.656,1.85,513.0,0.702,228.0,21.69,,,,-0.00249517,3.442,0
(2016 GL2),3749032.0,1,0,1.45,0.265,14.9,1.07,1.84,639.0,0.564,197.0,23.67,,,,-0.00613243,3.43246,1
468727 (2010 JE87),20468727.0,1,1,0.904,0.437,16.9,0.509,1.3,314.0,1.15,293.0,20.77,0.308,0.108,,0.00168172,3.42456,1
344074 (1997 UH9),20344074.0,1,0,0.83,0.475,25.5,0.436,1.22,276.0,1.3,209.0,19.01,,,,0.00188803,3.42436,1
163348 (2002 NN4),20163348.0,1,1,0.876,0.435,5.42,0.495,1.26,299.0,1.2,329.0,20.05,0.735,0.03,14.5,-0.00228342,3.42099,1
525268 (2004 XL14),20525268.0,1,1,0.76,0.41,21.5,0.448,1.07,242.0,1.49,78.2,21.43,,,,-0.00103783,3.41557,1
86666 (2000 FL10),20086666.0,1,0,1.46,0.427,29.0,0.838,2.09,646.0,0.557,224.0,16.88,1.165,0.228,206.0,-0.000836855,3.4153,1
3671 Dionysus (1984 KD),20003671.0,1,1,2.2,0.544,13.5,1.0,3.39,1190.0,0.303,252.0,16.49,1.5,0.16,2.7053,-0.00712183,3.41358,1
(2000 AH205),3092248.0,1,0,1.15,0.407,2.59,0.681,1.61,449.0,0.802,96.7,22.6,,,,-0.00153447,3.41308,1
508908 (2003 YX1),20508908.0,1,1,0.88,0.267,5.76,0.645,1.11,301.0,1.19,315.0,20.95,,,,-0.00134479,3.39795,1
136897 (1998 HJ41),20136897.0,1,0,1.36,0.125,38.9,1.19,1.53,581.0,0.619,22.3,18.56,,,15.3,-0.00371471,3.38712,1
(2003 GH21),3152315.0,1,0,1.48,0.262,20.1,1.09,1.87,659.0,0.546,219.0,21.59,,,,-0.00177739,3.38656,1
329275 (1999 VP6),20329275.0,1,0,1.38,0.304,12.8,0.959,1.8,591.0,0.609,63.1,20.1,,,,-0.000393206,3.3848,1
161989 Cacus (1978 CA),20161989.0,1,1,1.12,0.214,26.1,0.883,1.36,434.0,0.829,310.0,17.31,1.9,0.09,3.7538,-0.00841304,3.37712,1
(2016 UW80),3762440.0,1,0,1.16,0.169,13.0,0.967,1.36,459.0,0.784,346.0,23.91,,,,-0.0115421,3.3722,0
216115 (2006 SU19),20216115.0,1,1,1.53,0.587,2.09,0.631,2.42,689.0,0.522,302.0,18.91,,,,-0.00141857,3.37156,1
398188 Agni (2010 LE15),20398188.0,1,1,0.865,0.273,13.3,0.628,1.1,294.0,1.23,253.0,19.33,0.462,0.137,21.99,-0.00911138,3.37012,0
90373 (2003 SZ219),20090373.0,1,0,1.63,0.204,9.87,1.29,1.96,758.0,0.475,227.0,18.8,,,,0.01438,3.36824,1
(2017 DN109),3770288.0,1,1,1.2,0.827,7.09,0.207,2.18,478.0,0.754,289.0,21.82,,,,-0.0119569,3.36493,0
370307 (2002 RH52),20370307.0,1,0,1.98,0.491,16.2,1.01,2.95,1020.0,0.354,74.1,16.97,,,4.218,0.00182211,3.36132,1
313276 (2002 AX1),20313276.0,1,0,0.88,0.542,33.0,0.403,1.36,301.0,1.19,69.7,19.86,,,131.0,0.00105336,3.36073,1
452376 (2002 AC5),20452376.0,1,1,1.76,0.494,16.5,0.891,2.63,853.0,0.422,99.3,19.97,,,,-0.0193932,3.35461,0
864101 (2014 WL368),20864101.0,1,0,1.67,0.235,7.95,1.28,2.06,787.0,0.457,57.1,19.63,,,,-0.00380405,3.34315,1
474163 (1999 SO5),20474163.0,1,1,1.09,0.0645,13.4,1.02,1.16,413.0,0.872,203.0,20.81,,,1.38,-0.000964578,3.34311,1
138911 (2001 AE2),20138911.0,1,0,1.35,0.0817,1.66,1.24,1.46,573.0,0.629,211.0,19.44,,,15.88,-0.00508622,3.3397,0
10145 (1994 CK1),20010145.0,1,0,1.9,0.633,4.55,0.698,3.1,957.0,0.376,139.0,17.0,,,49.2892,-0.012433,3.3351,0
354030 (2001 RB18),20354030.0,1,0,2.35,0.539,4.18,1.08,3.61,1310.0,0.274,253.0,18.61,,,26.755,-0.000246517,3.3316,1
7341 (1991 VK),20007341.0,1,1,1.84,0.506,5.41,0.91,2.77,913.0,0.394,196.0,16.96,0.982,0.235,4.2096,-0.00147734,3.33032,1
286079 (2001 TW1),20286079.0,1,0,0.911,0.526,31.3,0.432,1.39,318.0,1.13,349.0,19.29,,,,-0.00698525,3.31076,1
(2007 US12),3390647.0,1,0,0.906,0.515,8.8,0.44,1.37,315.0,1.14,66.5,22.13,,,,-0.00179163,3.31039,1
137924 (2000 BD19),20137924.0,1,0,0.876,0.895,25.8,0.092,1.66,300.0,1.2,333.0,17.5,0.97,0.247,10.57,-0.00392973,3.30966,0
162825 (2001 BO61),20162825.0,1,1,1.77,0.744,9.07,0.453,3.09,862.0,0.417,146.0,17.97,,,,-0.00651399,3.30553,0
524196 (2001 QP181),20524196.0,1,0,2.24,0.53,4.52,1.05,3.43,1220.0,0.294,106.0,18.71,,,17.05,0.00554995,3.29183,0
106589 (2000 WN107),20106589.0,1,0,2.15,0.618,14.4,0.82,3.47,1150.0,0.314,279.0,16.01,,,141.1,-3.32158,3.29125,0
(2010 KQ10),3523945.0,1,1,2.38,0.662,6.7,0.805,3.96,1340.0,0.268,99.8,21.64,,,,-0.000619167,3.28941,1
1865 Cerberus (1971 UA),20001865.0,1,0,1.08,0.467,16.1,0.576,1.58,410.0,0.878,320.0,16.78,1.2,0.22,6.8039,0.00202891,3.28727,1
369986 (1998 SO),20369986.0,1,0,0.731,0.699,30.3,0.22,1.24,228.0,1.58,348.0,20.44,,,,-0.10178,3.27621,0
(2009 SW19),3467709.0,1,0,1.26,0.328,62.9,0.849,1.68,518.0,0.695,251.0,19.61,,,,-0.0122066,3.27421,1
(2007 TH1),3387458.0,1,1,1.36,0.418,20.1,0.793,1.93,580.0,0.62,183.0,21.88,,,,-0.00148068,3.26311,1
154300 (2002 UO),20154300.0,1,0,1.21,0.473,8.29,0.638,1.78,486.0,0.741,189.0,19.37,,,,-0.0211736,3.25349,1
209215 (2003 WP25),20209215.0,1,0,0.989,0.121,2.56,0.869,1.11,359.0,1.0,269.0,24.3,,,,-0.00965044,3.25157,1
441823 (2009 QO5),20441823.0,1,0,1.6,0.238,8.56,1.22,1.98,736.0,0.489,23.9,22.11,,,,-0.00274995,3.24684,1
(2017 JF3),3774612.0,1,1,0.906,0.349,5.82,0.59,1.22,315.0,1.14,198.0,21.74,,,,0.148545,3.2447,0
(2003 AC23),3145520.0,1,1,2.17,0.582,2.06,0.908,3.43,1170.0,0.308,39.7,21.9,,,,-0.00578465,3.24159,0
23548 (1994 EF2),20023548.0,1,0,2.29,0.518,23.4,1.1,3.48,1270.0,0.285,67.0,17.28,,,,-0.00137484,3.2244,1
338292 (2002 UA31),20338292.0,1,0,0.799,0.487,30.7,0.41,1.19,261.0,1.38,277.0,19.11,,,2.5564,-0.0418094,3.22357,1
(2013 KS1),3638576.0,1,0,1.48,0.387,1.63,0.904,2.05,654.0,0.55,320.0,26.82,,,,0.000738005,3.22138,1
4660 Nereus (1982 DB),20004660.0,1,1,1.48,0.359,1.45,0.952,2.02,661.0,0.545,49.8,18.75,0.33,0.55,15.1749,0.691437,3.2155,0
(2007 GU4),3373918.0,1,0,1.2,0.457,3.16,0.654,1.75,482.0,0.747,93.0,22.65,,,,-0.00114183,3.20801,1
443837 (2000 TJ1),20443837.0,1,0,1.16,0.0808,39.5,1.07,1.25,457.0,0.788,158.0,19.68,0.253,0.399,14.09,-0.00280752,3.20745,1
323300 (2003 UD22),20323300.0,1,0,1.17,0.318,10.1,0.797,1.54,461.0,0.78,240.0,19.63,,,,-0.00962163,3.20149,1
(2008 SZ150),3428532.0,1,0,1.41,0.33,13.1,0.944,1.87,611.0,0.589,119.0,24.02,,,,-0.0047431,3.19703,1
173664 (2001 JU2),20173664.0,1,0,1.52,0.269,4.02,1.11,1.93,683.0,0.527,337.0,19.76,,,,-0.00326529,3.19179,0
159467 (2000 QK25),20159467.0,1,0,1.81,0.283,6.14,1.3,2.32,889.0,0.405,106.0,18.34,,,3.0,-0.00107151,3.18877,1
162080 (1998 DG16),20162080.0,1,0,0.897,0.358,16.2,0.576,1.22,310.0,1.16,68.1,19.95,0.777,0.035,,-0.00290572,3.18562,0
(2012 DY32),3599934.0,1,0,1.08,0.166,9.54,0.904,1.26,412.0,0.873,136.0,22.69,,,,-0.00368716,3.1749,1
252558 (2001 WT1),20252558.0,1,0,1.09,0.397,7.16,0.657,1.52,415.0,0.867,189.0,20.37,0.533,0.062,,-0.00299346,3.16357,1
(2013 BO27),3625068.0,1,0,1.16,0.513,3.05,0.565,1.75,456.0,0.789,150.0,24.11,,,,-0.00287374,3.16054,1
(2003 FF5),3151652.0,1,0,1.37,0.304,6.34,0.953,1.79,585.0,0.615,15.8,23.3,,,,-0.01227,3.15614,1
(2018 RV3),3827426.0,1,0,1.6,0.359,17.7,1.02,2.17,737.0,0.488,183.0,23.03,,,,-0.0204928,3.1531,0
(2017 TJ1),3782065.0,1,0,1.21,0.179,10.4,0.992,1.42,485.0,0.742,209.0,20.7,,,,-0.00122743,3.14383,0
5604 (1992 FE),20005604.0,1,1,0.93,0.406,4.7,0.552,1.31,328.0,1.1,350.0,17.38,0.55,0.48,5.3375,-0.0272391,3.1348,0
482798 (2013 QK48),20482798.0,1,1,1.59,0.83,19.0,0.27,2.9,729.0,0.494,107.0,18.35,,,,-0.00731267,3.13247,1
(2011 CE50),3557530.0,1,0,1.01,0.188,14.9,0.821,1.2,371.0,0.97,64.4,23.14,,,,-0.0101895,3.13234,0
257838 (2000 JQ66),20257838.0,1,0,2.17,0.42,7.06,1.26,3.07,1160.0,0.309,339.0,18.0,,,11.094,0.00450974,3.12652,1
678964 (2018 CC14),20678964.0,1,0,2.08,0.546,5.89,0.945,3.22,1100.0,0.328,199.0,22.4,,,,-0.00158786,3.11832,0
11066 Sigurd (1992 CC1),20011066.0,1,0,1.39,0.375,36.9,0.869,1.91,600.0,0.6,315.0,15.17,2.104,0.19,8.4958,-0.00410334,3.11437,0
410088 (2007 EJ),20410088.0,1,0,2.5,0.629,8.32,0.927,4.07,1440.0,0.249,276.0,18.2,1.032,0.095,4.5569,0.00324015,3.10715,1
(2015 TW178),3730328.0,1,0,1.76,0.32,9.51,1.2,2.32,852.0,0.423,107.0,21.12,,,,-0.00211431,3.10409,1
189700 (2001 TA45),20189700.0,1,0,1.46,0.191,10.7,1.18,1.74,646.0,0.557,269.0,19.15,,,5.0,0.00179347,3.10166,1
152742 (1998 XE12),20152742.0,1,0,0.878,0.739,13.4,0.229,1.53,301.0,1.2,16.5,19.1,0.413,0.264,,-0.0198012,3.09956,0
469356 (2001 DR8),20469356.0,1,0,1.93,0.672,6.56,0.632,3.22,976.0,0.369,149.0,18.76,,,,-0.000231352,3.09498,1
1221 Amor (1932 EA1),20001221.0,1,0,1.92,0.435,11.9,1.09,2.75,972.0,0.371,59.9,17.37,1.0,,,-0.000691622,3.09221,1
162181 (1999 LF6),20162181.0,1,0,1.41,0.281,18.9,1.01,1.81,611.0,0.589,237.0,18.2,0.729,0.175,37.26,-0.0032219,3.08775,1
249615 (1999 TB5),20249615.0,1,0,1.97,0.394,30.4,1.19,2.74,1010.0,0.357,142.0,19.05,,,,0.00558536,3.08685,1
513312 (2007 DM41),20513312.0,1,1,1.18,0.528,2.26,0.558,1.8,469.0,0.768,159.0,22.06,,,,-0.0190548,3.08614,0
(2021 WC8),54239534.0,1,1,2.62,0.701,17.7,0.783,4.45,1550.0,0.233,312.0,19.81,,,,-0.00226359,3.07823,1
171819 (2001 FZ6),20171819.0,1,0,1.5,0.167,9.95,1.25,1.74,668.0,0.539,45.2,18.38,,,15.24,-0.00177557,3.07685,1
189011 Ogmios (1997 NJ6),20189011.0,1,0,1.5,0.232,18.7,1.15,1.85,671.0,0.536,71.4,19.08,,,,0.00222544,3.07265,0
339492 (2005 GQ21),20339492.0,1,0,1.43,0.215,47.0,1.12,1.73,622.0,0.579,275.0,18.39,,,,-0.0488035,3.06742,0
828534 (2004 TG10),20828534.0,1,1,2.24,0.861,4.19,0.311,4.16,1220.0,0.295,83.4,19.47,1.316,0.018,,-0.00264863,3.06588,1
523605 (2004 RX10),20523605.0,1,0,0.92,0.351,5.96,0.597,1.24,322.0,1.12,223.0,21.49,,,,-0.00724819,3.05265,0
322763 (2001 FA7),20322763.0,1,0,2.01,0.536,22.8,0.931,3.08,1040.0,0.347,306.0,17.21,1.252,0.196,,0.00629294,3.04639,1
(2006 TD),3347502.0,1,0,1.59,0.395,8.19,0.965,2.22,735.0,0.49,205.0,22.4,,,,0.00355603,3.04354,0
(2011 XC),3590075.0,1,0,1.26,0.134,21.6,1.09,1.42,514.0,0.7,274.0,20.98,,,,-0.00806162,3.04255,0
(2021 SP4),54202335.0,1,1,1.47,0.405,9.92,0.873,2.06,649.0,0.554,53.6,20.96,,,,-0.00400236,3.03167,1
625646 (2006 GX2),20625646.0,1,0,1.76,0.545,8.23,0.799,2.72,851.0,0.423,175.0,20.71,,,,-0.00364848,3.02712,0
(2015 XW261),3736516.0,1,0,1.25,0.467,29.7,0.666,1.83,510.0,0.706,342.0,21.39,,,19.67,-0.0108291,3.0233,1
(2017 US4),3788008.0,1,0,1.4,0.217,9.7,1.1,1.71,608.0,0.592,191.0,21.51,,,,-0.0539077,3.02083,0
(2006 WF129),3361625.0,1,0,2.64,0.532,22.1,1.24,4.05,1570.0,0.229,162.0,19.13,,,,-0.00426075,3.01968,1
(2003 TG2),3160853.0,1,0,0.908,0.316,25.5,0.621,1.19,316.0,1.14,10.0,21.36,,,,0.00371153,3.0182,1
(2005 NE21),3283679.0,1,0,0.789,0.496,10.6,0.397,1.18,256.0,1.41,171.0,21.24,,,,0.000907134,3.01645,1
152664 (1998 FW4),20152664.0,1,1,2.52,0.714,3.41,0.721,4.32,1460.0,0.246,2.25,19.7,,,17.38,0.00114271,3.01305,1
7336 Saunders (1989 RS1),20007336.0,1,0,2.31,0.482,7.2,1.19,3.42,1280.0,0.282,118.0,18.8,,,4.307,0.630594,3.00859,0
162416 (2000 EH26),20162416.0,1,1,1.85,0.478,0.402,0.968,2.74,922.0,0.39,40.0,21.67,,,24.0,0.0325665,3.00081,0
