full_name,da_dt,e_da_dt,SNR,FAccept,normalized_name,number_only,clean_name
1998 SD9,-0.0197061,0.000106344,185.305,1,1998 sd9,1998,1998 SD9
99942,-0.00132587,1.07888e-05,122.894,1,99942,99942,99942
480883,-0.00504483,5.33209e-05,94.6127,1,480883,480883,480883
2340,-0.00173809,3.04332e-05,57.1118,1,2340,2340,2340
524522,-0.00359165,6.30856e-05,56.9329,1,524522,524522,524522
2002 BF25,0.00719033,0.000127596,56.3522,1,2002 bf25,2002,2002 BF25
2012 UR158,-0.814757,0.0181918,44.787,Rej.,2012 ur158,2012,2012 UR158
523599,0.082924,0.0019957,41.5513,Rej.,523599,523599,523599
2000 EB14,-0.0160609,0.000407499,39.4134,1,2000 eb14,2000,2000 EB14
483656,-0.00800644,0.000219259,36.5159,1,483656,483656,483656
2009 BD,-0.0667463,0.00209795,31.815,Rej.,2009 bd,2009,2009 BD
480808,-0.00327779,0.00011468,28.582,1,480808,480808,480808
152563,-0.00126754,4.44032e-05,28.5462,1,152563,152563,152563
1995 CR,-0.00866538,0.000303574,28.5445,1,1995 cr,1995,1995 CR
2010 VQ,-0.0405427,0.00147993,27.395,1,2010 vq,2010,2010 VQ
441987,-0.00183072,6.85175e-05,26.719,1,441987,441987,441987
2019 XS,-0.00773308,0.00033819,22.8661,1,2019 xs,2019,2019 XS
2002 JR100,-0.013768,0.000631808,21.7914,1,2002 jr100,2002,2002 JR100
612197,0.00961797,0.000443248,21.6989,1,612197,612197,612197
2018 CW2,-0.0291045,0.00141881,20.5134,1,2018 cw2,2018,2018 CW2
2003 BN4,-0.0071304,0.000370508,19.2449,1,2003 bn4,2003,2003 BN4
2003 FY6,-0.00516518,0.000274183,18.8384,1,2003 fy6,2003,2003 FY6
2001 CQ36,-0.00670924,0.000358476,18.716,1,2001 cq36,2001,2001 CQ36
2006 CT,-0.00388821,0.000208268,18.6693,Rej.,2006 ct,2006,2006 CT
2000 PN8,0.00523494,0.000283843,18.443,1,2000 pn8,2000,2000 PN8
2012 BB124,0.00290486,0.000160479,18.1012,1,2012 bb124,2012,2012 BB124
2011 EP51,-0.0168164,0.000962054,17.4797,1,2011 ep51,2011,2011 EP51
2003 YL118,-0.00905692,0.000542347,16.6995,1,2003 yl118,2003,2003 YL118
2002 XQ40,-0.00462836,0.000278696,16.6072,1,2002 xq40,2002,2002 XQ40
2009 WB105,0.00688506,0.00042095,16.356,1,2009 wb105,2009,2009 WB105
364136,-0.00367582,0.000225559,16.2965,1,364136,364136,364136
138175,-0.00446822,0.00027614,16.181,1,138175,138175,138175
2012 GA5,-0.00430032,0.000269532,15.9548,Rej.,2012 ga5,2012,2012 GA5
2016 GW221,-0.00735097,0.000463066,15.8746,1,2016 gw221,2016,2016 GW221
2007 TF68,-0.00805496,0.000512498,15.7171,1,2007 tf68,2007,2007 TF68
185851,0.000407794,2.64667e-05,15.4078,1,185851,185851,185851
2010 GD35,0.011357,0.000743208,15.2811,1,2010 gd35,2010,2010 GD35
2018 KR,-0.0101639,0.000680621,14.9333,1,2018 kr,2018,2018 KR
450237,-0.00526751,0.000352803,14.9304,1,450237,450237,450237
85990,-0.0014786,0.000102112,14.4802,1,85990,85990,85990
2004 JN1,-0.0164312,0.00115145,14.27,Rej.,2004 jn1,2004,2004 JN1
2011 CL50,0.194959,0.013859,14.0674,Rej.,2011 cl50,2011,2011 CL50
2003 AF23,-0.00246719,0.000179111,13.7747,1,2003 af23,2003,2003 AF23
2001 BB16,0.0153562,0.0011376,13.4988,Rej.,2001 bb16,2001,2001 BB16
139359,-0.0275336,0.00206432,13.3378,Rej.,139359,139359,139359
2000 TU28,-0.00349841,0.000262722,13.316,1,2000 tu28,2000,2000 TU28
1862,-0.000190871,1.44952e-05,13.1678,1,1862,1862,1862
363599,-0.00451215,0.000352435,12.8028,1,363599,363599,363599
326354,-0.0062738,0.000493904,12.7025,1,326354,326354,326354
401885,-0.00240239,0.000190889,12.5853,1,401885,401885,401885
477719,-0.00683813,0.000561995,12.1676,1,477719,477719,477719
2014 RQ17,-0.00164974,0.000136028,12.1279,1,2014 rq17,2014,2014 RQ17
363027,0.00098515,8.16424e-05,12.0667,1,363027,363027,363027
350462,-0.00279628,0.000232327,12.036,1,350462,350462,350462
612600,-0.00711312,0.000597993,11.895,1,612600,612600,612600
1566,-0.00050242,4.36321e-05,11.5149,1,1566,1566,1566
468468,-0.00435601,0.000380958,11.4344,1,468468,468468,468468
2016 TH94,-0.0125928,0.00110757,11.3698,1,2016 th94,2016,2016 TH94
399308,0.00300008,0.000266076,11.2753,1,399308,399308,399308
613569,0.00696277,0.00062345,11.1681,1,613569,613569,613569
2007 TF15,-0.00921977,0.0008391,10.9877,1,2007 tf15,2007,2007 TF15
437844,0.00323598,0.000297196,10.8883,1,437844,437844,437844
613995,-0.00952346,0.000876253,10.8684,Rej.,613995,613995,613995
2016 PF8,0.0102822,0.000948743,10.8377,Rej.,2016 pf8,2016,2016 PF8
2015 EG,-0.0100834,0.000936871,10.7628,1,2015 eg,2015,2015 EG
612094,-0.00342475,0.000329047,10.4081,1,612094,612094,612094
265482,0.00396322,0.00038495,10.2954,1,265482,265482,265482
85953,-0.00137951,0.000134468,10.259,1,85953,85953,85953
2021 GM1,-0.487617,0.0477267,10.2168,Rej.,2021 gm1,2021,2021 GM1
2018 HG2,-0.0186273,0.00187617,9.92841,Rej.,2018 hg2,2018,2018 HG2
264357,-0.00272009,0.000274962,9.89259,1,264357,264357,264357
2017 OU18,0.0050893,0.000517278,9.8386,1,2017 ou18,2017,2017 OU18
2005 RZ2,-0.00509821,0.000523319,9.74206,1,2005 rz2,2005,2005 RZ2
326290,-0.00178066,0.000182864,9.73762,1,326290,326290,326290
216985,0.00445685,0.000463975,9.60581,1,216985,216985,216985
1996 AE2,0.00205404,0.000215521,9.53058,1,1996 ae2,1996,1996 AE2
488453,0.00137359,0.000145685,9.42848,1,488453,488453,488453
2009 OS5,-0.0130499,0.00139317,9.36705,1,2009 os5,2009,2009 OS5
613862,-0.00819709,0.000877417,9.34229,1,613862,613862,613862
2005 VL1,-0.0102745,0.00110556,9.29348,1,2005 vl1,2005,2005 VL1
3361,0.000860842,9.37451e-05,9.1828,1,3361,3361,3361
481442,-0.00335774,0.000366546,9.16048,1,481442,481442,481442
216523,0.00205604,0.000226606,9.07319,1,216523,216523,216523
2000 EM26,-0.00991324,0.00109455,9.05691,1,2000 em26,2000,2000 EM26
297418,-0.00130648,0.000144271,9.05574,1,297418,297418,297418
2008 DB,-0.0588542,0.00655387,8.98008,Rej.,2008 db,2008,2008 DB
455176,-0.00393878,0.000438707,8.97815,1,455176,455176,455176
162004,0.00204832,0.000229502,8.92505,Rej.,162004,162004,162004
99907,0.00126128,0.000142049,8.87919,1,99907,99907,99907
310842,-0.00200148,0.000226783,8.82553,1,310842,310842,310842
4179,-0.000272046,3.09016e-05,8.80362,1,4179,4179,4179
2021 UN7,-0.0142823,0.00164033,8.70696,1,2021 un7,2021,2021 UN7
2013 GZ7,-0.00244837,0.000282283,8.67344,Rej.,2013 gz7,2013,2013 GZ7
2009 WF,0.00992309,0.00115746,8.57314,Rej.,2009 wf,2009,2009 WF
330659,0.00318565,0.000372038,8.5627,1,330659,330659,330659
175706,-0.00056997,6.68344e-05,8.52809,1,175706,175706,175706
480820,0.00158394,0.000185815,8.52426,1,480820,480820,480820
2062,-0.000628154,7.54395e-05,8.3266,1,2062,2062,2062
10302,0.00172402,0.000208107,8.28429,1,10302,10302,10302
595116,-0.00505709,0.000614229,8.23323,1,595116,595116,595116
2009 EM1,-0.0118362,0.00145603,8.12912,Rej.,2009 em1,2009,2009 EM1
385186,0.000486579,6.05113e-05,8.04111,1,385186,385186,385186
470975,-0.00449069,0.00056058,8.01081,1,470975,470975,470975
510529,-0.00543073,0.000688419,7.8887,1,510529,510529,510529
2014 WF497,0.00728239,0.000928765,7.84094,Rej.,2014 wf497,2014,2014 WF497
1997 YM9,0.00413127,0.00053109,7.77885,1,1997 ym9,1997,1997 YM9
1999 UQ,-0.00414999,0.000537129,7.72624,1,1999 uq,1999,1999 UQ
1994 WR12,-0.0108863,0.00141065,7.71719,1,1994 wr12,1994,1994 WR12
348306,-0.00473218,0.000614311,7.70322,1,348306,348306,348306
412976,0.0026462,0.000344521,7.68081,1,412976,412976,412976
363505,-0.000424475,5.5308e-05,7.67475,1,363505,363505,363505
499998,-0.00873178,0.00114873,7.60122,1,499998,499998,499998
164207,-0.00267124,0.00035223,7.5838,1,164207,164207,164207
6489,-0.00053018,7.00851e-05,7.5648,1,6489,6489,6489
2000 AA6,0.00714094,0.000946907,7.54133,Rej.,2000 aa6,2000,2000 AA6
152671,-0.00229334,0.000308055,7.44456,1,152671,152671,152671
2022 QX4,-0.0287727,0.00386977,7.43526,1,2022 qx4,2022,2022 QX4
350523,0.00282663,0.000382406,7.39171,1,350523,350523,350523
467351,0.00205213,0.000277777,7.3877,1,467351,467351,467351
494710,-0.00308348,0.00042045,7.33376,1,494710,494710,494710
2018 GY,-0.017828,0.00243387,7.32496,1,2018 gy,2018,2018 GY
334412,-0.00209749,0.000289075,7.25588,1,334412,334412,334412
2012 UK171,-0.00223149,0.000313591,7.11592,1,2012 uk171,2012,2012 UK171
416151,0.00267955,0.000377164,7.10448,1,416151,416151,416151
154590,-0.00410863,0.000579784,7.08648,1,154590,154590,154590
2015 KJ19,0.0168665,0.00238921,7.05943,1,2015 kj19,2015,2015 KJ19
2012 PG6,0.00513801,0.000728081,7.05692,1,2012 pg6,2012,2012 PG6
2018 KC2,0.0127863,0.00182445,7.00829,Rej.,2018 kc2,2018,2018 KC2
2005 TF49,-0.0013109,0.000188163,6.96683,Rej.,2005 tf49,2005,2005 TF49
2012 HL31,-0.00657734,0.000947271,6.94347,1,2012 hl31,2012,2012 HL31
2010 VK139,-0.00769662,0.00110916,6.93912,1,2010 vk139,2010,2010 VK139
66400,-0.00166537,0.000242318,6.87266,1,66400,66400,66400
2021 FR1,-0.0581567,0.00846994,6.86624,Rej.,2021 fr1,2021,2021 FR1
422686,0.00198186,0.000291381,6.8016,1,422686,422686,422686
357622,-0.00234372,0.000346512,6.76375,1,357622,357622,357622
2012 UU136,0.00404558,0.000600761,6.73409,Rej.,2012 uu136,2012,2012 UU136
2000 CK59,-0.00715646,0.0010696,6.69078,1,2000 ck59,2000,2000 CK59
283457,-0.00197923,0.000296781,6.66898,1,283457,283457,283457
424392,-0.00712048,0.00107048,6.65166,1,424392,424392,424392
2011 PU1,-0.0175863,0.00264723,6.64329,1,2011 pu1,2011,2011 PU1
492143,0.0108178,0.00163759,6.60596,Rej.,492143,492143,492143
2010 XX72,-0.00778087,0.00118481,6.56716,1,2010 xx72,2010,2010 XX72
2101,-0.00230349,0.000352815,6.52888,1,2101,2101,2101
4581,-0.0017353,0.00026613,6.5205,1,4581,4581,4581
2015 XC352,-0.032304,0.00497414,6.49438,Rej.,2015 xc352,2015,2015 XC352
2011 JW10,-0.00790606,0.00121866,6.4875,1,2011 jw10,2011,2011 JW10
69230,-0.000615884,9.55055e-05,6.44867,1,69230,69230,69230
1994 GL,0.0305503,0.00476214,6.41526,1,1994 gl,1994,1994 GL
33342,-0.00149289,0.000232787,6.41312,1,33342,33342,33342
2020 FW6,-0.00528521,0.000825018,6.40618,1,2020 fw6,2020,2020 FW6
506590,0.00540607,0.000851566,6.34839,1,506590,506590,506590
481965,-0.00277187,0.000436923,6.34407,1,481965,481965,481965
388188,-0.00299619,0.000475571,6.3002,1,388188,388188,388188
163000,-0.00132922,0.000211006,6.29943,1,163000,163000,163000
467460,0.00268474,0.000429884,6.24528,1,467460,467460,467460
162361,0.00162261,0.000261003,6.21684,1,162361,162361,162361
2007 RY19,-0.00537468,0.000884232,6.07836,1,2007 ry19,2007,2007 RY19
4034,-0.00184073,0.00030607,6.01408,1,4034,4034,4034
163023,0.00308809,0.000517791,5.96396,1,163023,163023,163023
612358,-0.00392106,0.000658367,5.95574,1,612358,612358,612358
467336,0.00149077,0.000251222,5.93406,1,467336,467336,467336
2006 KS1,0.239572,0.0404431,5.92369,Rej.,2006 ks1,2006,2006 KS1
2010 XC15,-0.00978819,0.00165439,5.91649,1,2010 xc15,2010,2010 XC15
2015 TC25,4.64561,0.78839,5.89253,Rej.,2015 tc25,2015,2015 TC25
242191,0.00163719,0.000277942,5.89041,1,242191,242191,242191
8014,-0.000974993,0.000166662,5.85012,1,8014,8014,8014
310442,0.00213081,0.000366371,5.81599,1,310442,310442,310442
613471,-0.00919667,0.0015818,5.81405,1,613471,613471,613471
452334,-0.00104343,0.000179551,5.81136,1,452334,452334,452334
337248,-0.0024044,0.000413923,5.80881,Rej.,337248,337248,337248
1998 KY26,-0.00917058,0.00158146,5.79882,1,1998 ky26,1998,1998 KY26
2014 WF201,-0.0906285,0.015841,5.72115,Rej.,2014 wf201,2014,2014 WF201
2019 QU2,-0.00633625,0.00111041,5.70621,1,2019 qu2,2019,2019 QU2
2008 LG2,-0.0264109,0.00463117,5.70286,1,2008 lg2,2008,2008 LG2
1999 SH10,-0.00245949,0.000431833,5.69547,1,1999 sh10,1999,1999 SH10
350751,-0.00240204,0.000423782,5.66811,1,350751,350751,350751
306383,-0.00163629,0.000289523,5.65166,1,306383,306383,306383
138852,0.0015861,0.000281193,5.64061,1,138852,138852,138852
443880,-0.00204591,0.000364149,5.61833,1,443880,443880,443880
1997 XE10,0.0286585,0.00511052,5.60775,Rej.,1997 xe10,1997,1997 XE10
416002,-0.00414861,0.000741215,5.59705,1,416002,416002,416002
465617,-0.0045441,0.000813554,5.58549,Rej.,465617,465617,465617
614470,0.0140767,0.00252375,5.57772,Rej.,614470,614470,614470
153201,-0.00235278,0.000422844,5.56417,Rej.,153201,153201,153201
412983,-0.00319114,0.000575201,5.54787,1,412983,412983,412983
478784,-0.00391848,0.000707056,5.54197,1,478784,478784,478784
2005 LW3,-0.00340604,0.000616367,5.52599,1,2005 lw3,2005,2005 LW3
153814,0.00448789,0.000815342,5.5043,Rej.,153814,153814,153814
4688,-0.00136175,0.000249036,5.46809,1,4688,4688,4688
192559,-0.00157392,0.000288965,5.44673,1,192559,192559,192559
410777,0.00383728,0.000707924,5.42046,1,410777,410777,410777
199145,0.00698316,0.00129333,5.39937,Rej.,199145,199145,199145
251732,-0.00372337,0.000692312,5.37816,1,251732,251732,251732
2003 GQ22,0.00459633,0.000861131,5.33756,1,2003 gq22,2003,2003 GQ22
29075,-0.000272929,5.11567e-05,5.33516,1,29075,29075,29075
2012 HN13,-0.00414045,0.000782549,5.29098,1,2012 hn13,2012,2012 HN13
2010 FX9,-0.010992,0.0020822,5.27901,1,2010 fx9,2010,2010 FX9
2005 TG50,-0.0103111,0.00195386,5.27728,Rej.,2005 tg50,2005,2005 TG50
526798,-0.00596005,0.00113486,5.25181,1,526798,526798,526798
2005 EY169,-0.00500398,0.000962455,5.19918,1,2005 ey169,2005,2005 EY169
612050,-0.00229874,0.000443743,5.18034,1,612050,612050,612050
2008 BP16,-0.00645744,0.00125089,5.16229,1,2008 bp16,2008,2008 BP16
2063,-0.000559025,0.000108331,5.16036,1,2063,2063,2063
2017 BM123,-0.00336603,0.000654189,5.14535,1,2017 bm123,2017,2017 BM123
2002 EW8,0.00682734,0.0013306,5.13103,1,2002 ew8,2002,2002 EW8
2015 LA2,-0.00529849,0.00103927,5.09828,1,2015 la2,2015,2015 LA2
204131,-0.00307441,0.000604044,5.08971,1,204131,204131,204131
2002 GD10,-0.010164,0.00199855,5.08566,1,2002 gd10,2002,2002 GD10
2008 WT62,-0.0160259,0.00316016,5.07122,1,2008 wt62,2008,2008 WT62
2014 US7,-0.269982,0.0532839,5.06687,Rej.,2014 us7,2014,2014 US7
2013 BA74,0.0307249,0.00607127,5.0607,Rej.,2013 ba74,2013,2013 BA74
19356,-0.00758236,0.00149877,5.05905,Rej.,19356,19356,19356
433,-7.25751e-05,1.43526e-05,5.05658,Rej.,433,433,433
152828,0.00378427,0.000751863,5.0332,1,152828,152828,152828
457662,-0.00316727,0.000637552,4.96787,1,457662,457662,457662
375505,0.00436965,0.000879922,4.96595,Rej.,375505,375505,375505
154007,0.00482685,0.00097274,4.96211,Rej.,154007,154007,154007
152667,0.011287,0.00228152,4.94714,Rej.,152667,152667,152667
267759,-0.00114383,0.000231269,4.94589,Rej.,267759,267759,267759
2011 GE3,-0.0995559,0.0201697,4.93592,Rej.,2011 ge3,2011,2011 GE3
308635,-0.00804651,0.00163056,4.93481,Rej.,308635,308635,308635
138404,0.00100342,0.000204104,4.9162,1,138404,138404,138404
455184,0.00424945,0.000869264,4.88856,1,455184,455184,455184
3908,0.000549214,0.000112462,4.88357,1,3908,3908,3908
234341,-0.00229986,0.000472209,4.87044,1,234341,234341,234341
380818,0.00294636,0.00060562,4.86503,1,380818,380818,380818
329437,0.00084132,0.000173015,4.8627,1,329437,329437,329437
230111,-0.00129859,0.000269621,4.81635,1,230111,230111,230111
483459,0.00178062,0.000369735,4.81593,1,483459,483459,483459
437841,-0.00224686,0.000468688,4.79394,1,437841,437841,437841
413577,-0.00351423,0.000733325,4.79219,1,413577,413577,413577
523801,0.00150013,0.000314901,4.7638,1,523801,523801,523801
397326,0.000976105,0.000205478,4.7504,Rej.,397326,397326,397326
491007,-0.00429255,0.000904361,4.74651,Rej.,491007,491007,491007
446924,-0.00195452,0.00041302,4.73226,1,446924,446924,446924
403775,-0.00766914,0.00162344,4.724,Rej.,403775,403775,403775
136582,-0.0019563,0.000418016,4.67997,1,136582,136582,136582
4015,-0.000997098,0.000213269,4.67531,Rej.,4015,4015,4015
4947,-0.00116192,0.00025037,4.64083,1,4947,4947,4947
612027,0.00214639,0.000463099,4.63483,1,612027,612027,612027
267337,-0.00306215,0.000663804,4.61302,1,267337,267337,267337
457059,-0.0189474,0.00413857,4.57824,Rej.,457059,457059,457059
2017 XO2,-0.00448764,0.000985919,4.55173,1,2017 xo2,2017,2017 XO2
469445,-0.0045936,0.00100922,4.55163,1,469445,469445,469445
613398,0.00356887,0.000784369,4.54999,1,613398,613398,613398
162117,-0.000854653,0.000188622,4.53103,1,162117,162117,162117
523828,-0.00267666,0.000592079,4.52077,1,523828,523828,523828
2010 WF3,-0.00392824,0.000870421,4.51303,1,2010 wf3,2010,2010 WF3
417816,-0.00169163,0.000376356,4.49476,1,417816,417816,417816
2006 BE55,-0.00608118,0.00135497,4.48805,1,2006 be55,2006,2006 BE55
358453,-0.00396724,0.000889775,4.4587,Rej.,358453,358453,358453
4528 07,-0.00363485,0.000816422,4.45217,1,4528 07,4528,4528 07
2001 OT,0.00400589,0.00090065,4.44777,1,2001 ot,2001,2001 OT
2020 PP1,-0.021201,0.00477728,4.43787,1,2020 pp1,2020,2020 PP1
376879,-0.00246072,0.000555262,4.43164,1,376879,376879,376879
2002 QQ40,0.0129447,0.00292925,4.41913,1,2002 qq40,2002,2002 QQ40
26310,-0.000934467,0.000212272,4.40221,Rej.,26310,26310,26310
474179,-0.00200459,0.000455964,4.39638,1,474179,474179,474179
1685,-0.000199546,4.56248e-05,4.37364,1,1685,1685,1685
511684,0.00567254,0.0013009,4.36047,1,511684,511684,511684
65717,0.00169306,0.000388463,4.35835,1,65717,65717,65717
613014,-0.178023,0.0408908,4.35362,Rej.,613014,613014,613014
2007 AM,-0.00449894,0.00103378,4.35195,1,2007 am,2007,2007 AM
612227,-0.00158462,0.000366288,4.32617,1,612227,612227,612227
613714,-0.00609389,0.00141383,4.3102,1,613714,613714,613714
2000 QV7,0.00961571,0.00223156,4.30896,1,2000 qv7,2000,2000 QV7
2020 QA7,-0.986975,0.22926,4.30505,Rej.,2020 qa7,2020,2020 QA7
2100,-0.000195064,4.54892e-05,4.28813,1,2100,2100,2100
162783,-0.00378447,0.000882739,4.28719,1,162783,162783,162783
474158,-0.00415458,0.000971862,4.27487,Rej.,474158,474158,474158
2021 QH2,0.0407832,0.00954156,4.27427,Rej.,2021 qh2,2021,2021 QH2
277810,0.00200808,0.000470887,4.26446,1,277810,277810,277810
377097,-0.000955976,0.000224187,4.26419,1,377097,377097,377097
2010 WT8,-0.0115701,0.00272469,4.24639,1,2010 wt8,2010,2010 WT8
2005 MF5,0.00425406,0.00100668,4.22584,1,2005 mf5,2005,2005 MF5
65679,-0.00185076,0.000438013,4.22534,Rej.,65679,65679,65679
177016,-0.00498116,0.00117994,4.22153,1,177016,177016,177016
592968,0.00386304,0.000915828,4.21808,1,592968,592968,592968
37655,-0.00103103,0.000244706,4.21335,1,37655,37655,37655
2017 GQ5,-1.06699,0.253595,4.20747,Rej.,2017 gq5,2017,2017 GQ5
337084,-0.00374735,0.000891954,4.20128,1,337084,337084,337084
2008 KV2,-0.0024672,0.000587697,4.19808,1,2008 kv2,2008,2008 KV2
4769,-0.000463758,0.000110526,4.19593,1,4769,4769,4769
2016 JE,-0.00735291,0.00176345,4.16961,1,2016 je,2016,2016 JE
483422,-0.00119179,0.000286172,4.16458,1,483422,483422,483422
2014 QH33,-0.00764359,0.00185108,4.12927,1,2014 qh33,2014,2014 QH33
2009 MW,-0.00250649,0.000609644,4.11141,1,2009 mw,2009,2009 MW
203471,-0.00227772,0.000557957,4.08226,1,203471,203471,203471
2002 VU114,-0.00472721,0.001161,4.07169,1,2002 vu114,2002,2002 VU114
325102,-0.00463471,0.00114228,4.05741,1,325102,325102,325102
85774,-0.000214483,5.29556e-05,4.05024,1,85774,85774,85774
2011 EZ40,0.00764079,0.00189171,4.03909,1,2011 ez40,2011,2011 EZ40
413260,-0.00149163,0.000369813,4.03347,1,413260,413260,413260
483560,-0.0104861,0.00260128,4.03112,Rej.,483560,483560,483560
612103,-0.0020335,0.000505776,4.02055,1,612103,612103,612103
497113,-0.00208436,0.000519728,4.01049,1,497113,497113,497113
2016 CA138,-0.0110906,0.00277011,4.00365,1,2016 ca138,2016,2016 CA138
136564,-0.00153938,0.000386894,3.97881,1,136564,136564,136564
322756,-0.00143439,0.000361354,3.9695,1,322756,322756,322756
523590,-0.00351006,0.000886123,3.96114,1,523590,523590,523590
509102,-0.0242982,0.00615359,3.94862,Rej.,509102,509102,509102
2005 XT77,0.00403821,0.00102485,3.94028,1,2005 xt77,2005,2005 XT77
2006 AL4,0.010806,0.00274526,3.93623,1,2006 al4,2006,2006 AL4
2019 ER1,-0.00704345,0.00179575,3.92229,1,2019 er1,2019,2019 ER1
525356,-0.0271064,0.0069204,3.91689,Rej.,525356,525356,525356
376707,0.0139228,0.00355992,3.91097,Rej.,376707,376707,376707
2016 CO246,-0.0274612,0.00705472,3.89261,1,2016 co246,2016,2016 CO246
7350,-0.00100885,0.000259834,3.88266,1,7350,7350,7350
6456,-0.00191472,0.000493887,3.87684,Rej.,6456,6456,6456
1997 WQ23,0.00305533,0.000789954,3.86773,1,1997 wq23,1997,1997 WQ23
164222,-0.00315921,0.000816893,3.86735,1,164222,164222,164222
2002 AY1,0.0037058,0.000958896,3.86465,1,2002 ay1,2002,2002 AY1
2016 AG193,-0.0125557,0.00325228,3.86057,1,2016 ag193,2016,2016 AG193
614134,0.00414658,0.00107564,3.85498,1,614134,614134,614134
513126,-0.0037015,0.000960688,3.85297,1,513126,513126,513126
2010 KP10,-0.00385613,0.00100269,3.84577,1,2010 kp10,2010,2010 KP10
2003 MK4,-0.0030193,0.000787849,3.83233,1,2003 mk4,2003,2003 MK4
612989,0.0303223,0.00792378,3.82674,Rej.,612989,612989,612989
2012 BA35,-0.00680138,0.00177883,3.82352,1,2012 ba35,2012,2012 BA35
455415,0.00304339,0.000796198,3.82241,1,455415,455415,455415
247517,-0.00229327,0.000601164,3.81472,1,247517,247517,247517
510190,-0.00444056,0.00116535,3.8105,Rej.,510190,510190,510190
2014 UV210,0.13719,0.0360185,3.80889,1,2014 uv210,2014,2014 UV210
351545,-0.00279456,0.00073573,3.79835,1,351545,351545,351545
85770,-0.00223337,0.000588733,3.79351,1,85770,85770,85770
312942,-0.00328273,0.00086645,3.78871,Rej.,312942,312942,312942
2010 VW75,-1.07532,0.284589,3.77851,Rej.,2010 vw75,2010,2010 VW75
2011 GP59,-0.415769,0.110163,3.77412,Rej.,2011 gp59,2011,2011 GP59
4888 03,-0.00291761,0.000775093,3.76421,1,4888 03,4888,4888 03
2003 YS17,-0.00436085,0.00115891,3.76289,1,2003 ys17,2003,2003 YS17
613286,-0.00207711,0.00055666,3.73137,1,613286,613286,613286
307070,-0.00141775,0.000383525,3.69663,1,307070,307070,307070
494690,-0.0107048,0.00290234,3.68834,Rej.,494690,494690,494690
2022 UY,-0.012625,0.00342558,3.6855,1,2022 uy,2022,2022 UY
533638,-0.00195209,0.000530172,3.68199,1,533638,533638,533638
2009 SV17,-1.21627,0.330787,3.67691,Rej.,2009 sv17,2009,2009 SV17
2013 UG1,0.0439002,0.0119871,3.66229,Rej.,2013 ug1,2013,2013 UG1
408982,0.00223292,0.000609951,3.66083,1,408982,408982,408982
469219,-0.00630702,0.00172305,3.66038,Rej.,469219,469219,469219
276111,-0.00982511,0.00269257,3.64897,Rej.,276111,276111,276111
152754,-0.00113546,0.000313717,3.61937,1,152754,152754,152754
496901,-0.00622597,0.00172061,3.61846,1,496901,496901,496901
2017 BP32,-0.0047023,0.00129972,3.61793,1,2017 bp32,2017,2017 BP32
337252,-0.00339757,0.000939835,3.61507,1,337252,337252,337252
425755,0.0112486,0.00311329,3.6131,1,425755,425755,425755
2016 UZ40,0.69313,0.192267,3.60504,Rej.,2016 uz40,2016,2016 UZ40
2021 CP6,0.117624,0.0326905,3.5981,Rej.,2021 cp6,2021,2021 CP6
2005 RD34,-0.01981,0.00550918,3.59581,Rej.,2005 rd34,2005,2005 RD34
525484,-0.00463988,0.00129624,3.57948,1,525484,525484,525484
136818,0.00120416,0.000336718,3.57616,1,136818,136818,136818
175729,-0.00118956,0.000333379,3.5682,1,175729,175729,175729
256004,-0.00587357,0.00164874,3.56246,1,256004,256004,256004
401856,-0.0013913,0.000390722,3.56084,1,401856,401856,401856
6037,-0.000886876,0.000249549,3.55391,1,6037,6037,6037
2007 PB8,-0.0100046,0.00281607,3.5527,1,2007 pb8,2007,2007 PB8
2008 BX2,-0.0112264,0.00316223,3.55015,1,2008 bx2,2008,2008 BX2
2003 DF16,0.00859745,0.00243149,3.53588,Rej.,2003 df16,2003,2003 DF16
2008 CE119,-0.00723424,0.00204801,3.53233,1,2008 ce119,2008,2008 CE119
2016 GE1,-0.039454,0.0112112,3.51916,Rej.,2016 ge1,2016,2016 GE1
1864,-0.00165889,0.000472912,3.50781,Rej.,1864,1864,1864
1994 CJ1,-0.00545746,0.00155614,3.50705,1,1994 cj1,1994,1994 CJ1
390725,-0.00247571,0.000706102,3.50617,1,390725,390725,390725
2009 JR2,-0.00517787,0.0014786,3.50188,1,2009 jr2,2009,2009 JR2
2012 XE133,-0.0133979,0.00384799,3.4818,1,2012 xe133,2012,2012 XE133
2019 QG,-0.00995281,0.00287124,3.46638,1,2019 qg,2019,2019 QG
508772,-0.00327198,0.000947924,3.45173,1,508772,508772,508772
2009 HD82,-0.00224858,0.000652194,3.44772,1,2009 hd82,2009,2009 HD82
2016 GL2,-0.00249517,0.000724917,3.442,Rej.,2016 gl2,2016,2016 GL2
468727,-0.00613243,0.0017866,3.43246,1,468727,468727,468727
344074,0.00168172,0.000491077,3.42456,1,344074,344074,344074
163348,0.00188803,0.000551352,3.42436,1,163348,163348,163348
525268,-0.00228342,0.000667473,3.42099,1,525268,525268,525268
86666,-0.00103783,0.000303854,3.41557,1,86666,86666,86666
3671,-0.000836855,0.000245031,3.4153,1,3671,3671,3671
2000 AH205,-0.00712183,0.00208633,3.41358,1,2000 ah205,2000,2000 AH205
508908,-0.00153447,0.000449586,3.41308,1,508908,508908,508908
136897,-0.00134479,0.000395765,3.39795,1,136897,136897,136897
2003 GH21,-0.00371471,0.00109672,3.38712,1,2003 gh21,2003,2003 GH21
329275,-0.00177739,0.000524835,3.38656,1,329275,329275,329275
161989,-0.000393206,0.000116168,3.3848,1,161989,161989,161989
2016 UW80,-0.00841304,0.00249118,3.37712,1,2016 uw80,2016,2016 UW80
216115,-0.0115421,0.00342272,3.3722,Rej.,216115,216115,216115
398188,-0.00141857,0.000420744,3.37156,1,398188,398188,398188
90373,-0.00911138,0.00270358,3.37012,Rej.,90373,90373,90373
2017 DN109,0.01438,0.0042693,3.36824,1,2017 dn109,2017,2017 DN109
370307,-0.0119569,0.0035534,3.36493,Rej.,370307,370307,370307
313276,0.00182211,0.000542083,3.36132,1,313276,313276,313276
452376,0.00105336,0.000313432,3.36073,1,452376,452376,452376
2014 WL368,-0.0193932,0.00578107,3.35461,Rej.,2014 wl368,2014,2014 WL368
474163,-0.00380405,0.00113786,3.34315,1,474163,474163,474163
138911,-0.000964578,0.000288528,3.34311,1,138911,138911,138911
10145,-0.00508622,0.00152296,3.3397,Rej.,10145,10145,10145
354030,-0.012433,0.00372793,3.3351,Rej.,354030,354030,354030
7341,-0.000246517,7.39937e-05,3.3316,1,7341,7341,7341
286079,-0.00147734,0.000443602,3.33032,1,286079,286079,286079
2007 US12,-0.00698525,0.00210987,3.31076,1,2007 us12,2007,2007 US12
137924,-0.00179163,0.000541213,3.31039,1,137924,137924,137924
162825,-0.00392973,0.00118735,3.30966,Rej.,162825,162825,162825
524196,-0.00651399,0.00197064,3.30553,Rej.,524196,524196,524196
106589,0.00554995,0.00168598,3.29183,Rej.,106589,106589,106589
2010 KQ10,-3.32158,1.00921,3.29125,Rej.,2010 kq10,2010,2010 KQ10
1865,-0.000619167,0.00018823,3.28941,1,1865,1865,1865
369986,0.00202891,0.000617202,3.28727,1,369986,369986,369986
2009 SW19,-0.10178,0.0310664,3.27621,Rej.,2009 sw19,2009,2009 SW19
2007 TH1,-0.0122066,0.00372809,3.27421,1,2007 th1,2007,2007 TH1
154300,-0.00148068,0.000453765,3.26311,1,154300,154300,154300
209215,-0.0211736,0.00650796,3.25349,1,209215,209215,209215
441823,-0.00965044,0.00296793,3.25157,1,441823,441823,441823
2017 JF3,-0.00274995,0.000846963,3.24684,1,2017 jf3,2017,2017 JF3
2003 AC23,0.148545,0.0457808,3.2447,Rej.,2003 ac23,2003,2003 AC23
23548,-0.00578465,0.00178451,3.24159,Rej.,23548,23548,23548
338292,-0.00137484,0.000426387,3.2244,1,338292,338292,338292
2013 KS1,-0.0418094,0.0129699,3.22357,1,2013 ks1,2013,2013 KS1
4660,0.000738005,0.000229096,3.22138,1,4660,4660,4660
2007 GU4,0.691437,0.215033,3.2155,Rej.,2007 gu4,2007,2007 GU4
443837,-0.00114183,0.000355932,3.20801,1,443837,443837,443837
323300,-0.00280752,0.000875314,3.20745,1,323300,323300,323300
2008 SZ150,-0.00962163,0.00300536,3.20149,1,2008 sz150,2008,2008 SZ150
173664,-0.0047431,0.0014836,3.19703,1,173664,173664,173664
159467,-0.00326529,0.00102303,3.19179,Rej.,159467,159467,159467
162080,-0.00107151,0.000336027,3.18877,1,162080,162080,162080
2012 DY32,-0.00290572,0.000912136,3.18562,Rej.,2012 dy32,2012,2012 DY32
252558,-0.00368716,0.00116135,3.1749,1,252558,252558,252558
2013 BO27,-0.00299346,0.000946227,3.16357,1,2013 bo27,2013,2013 BO27
2003 FF5,-0.00287374,0.000909258,3.16054,1,2003 ff5,2003,2003 FF5
2018 RV3,-0.01227,0.00388767,3.15614,1,2018 rv3,2018,2018 RV3
2017 TJ1,-0.0204928,0.00649926,3.1531,Rej.,2017 tj1,2017,2017 TJ1
5604,-0.00122743,0.000390426,3.14383,Rej.,5604,5604,5604
482798,-0.0272391,0.00868926,3.1348,Rej.,482798,482798,482798
2011 CE50,-0.00731267,0.00233447,3.13247,1,2011 ce50,2011,2011 CE50
257838,-0.0101895,0.00325301,3.13234,Rej.,257838,257838,257838
2018 CC14,0.00450974,0.00144242,3.12652,1,2018 cc14,2018,2018 CC14
11066,-0.00158786,0.000509203,3.11832,Rej.,11066,11066,11066
410088,-0.00410334,0.00131755,3.11437,Rej.,410088,410088,410088
2015 TW178,0.00324015,0.0010428,3.10715,1,2015 tw178,2015,2015 TW178
189700,-0.00211431,0.000681137,3.10409,1,189700,189700,189700
152742,0.00179347,0.000578228,3.10166,1,152742,152742,152742
469356,-0.0198012,0.00638839,3.09956,Rej.,469356,469356,469356
1221,-0.000231352,7.47509e-05,3.09498,1,1221,1221,1221
162181,-0.000691622,0.000223666,3.09221,1,162181,162181,162181
249615,-0.0032219,0.00104345,3.08775,1,249615,249615,249615
513312,0.00558536,0.0018094,3.08685,1,513312,513312,513312
2021 WC8,-0.0190548,0.0061743,3.08614,Rej.,2021 wc8,2021,2021 WC8
171819,-0.00226359,0.000735354,3.07823,1,171819,171819,171819
189011,-0.00177557,0.000577075,3.07685,1,189011,189011,189011
339492,0.00222544,0.000724273,3.07265,Rej.,339492,339492,339492
2004 TG10,-0.0488035,0.0159103,3.06742,Rej.,2004 tg10,2004,2004 TG10
523605,-0.00264863,0.000863907,3.06588,1,523605,523605,523605
322763,-0.00724819,0.00237439,3.05265,Rej.,322763,322763,322763
2006 TD,0.00629294,0.00206571,3.04639,1,2006 td,2006,2006 TD
2011 XC,0.00355603,0.00116839,3.04354,Rej.,2011 xc,2011,2011 XC
2021 SP4,-0.00806162,0.00264963,3.04255,Rej.,2021 sp4,2021,2021 SP4
2006 GX2,-0.00400236,0.00132018,3.03167,1,2006 gx2,2006,2006 GX2
2015 XW261,-0.00364848,0.00120527,3.02712,Rej.,2015 xw261,2015,2015 XW261
2017 US4,-0.0108291,0.00358188,3.0233,1,2017 us4,2017,2017 US4
2006 WF129,-0.0539077,0.0178453,3.02083,Rej.,2006 wf129,2006,2006 WF129
2003 TG2,-0.00426075,0.00141099,3.01968,1,2003 tg2,2003,2003 TG2
2005 NE21,0.00371153,0.00122972,3.0182,1,2005 ne21,2005,2005 NE21
152664,0.000907134,0.000300729,3.01645,1,152664,152664,152664
7336,0.00114271,0.000379253,3.01305,1,7336,7336,7336
162416,0.630594,0.209598,3.00859,Rej.,162416,162416,162416
1999 SF10,0.0325665,0.0108526,3.00081,Rej.,1999 sf10,1999,1999 SF10
