full_name,spkid,neo,pha,a,e,i,q,ad,per,n,ma,H,diameter,albedo,rot_per,GM,spec_B,spec_T
(1998 SD9),3014184,True,False,0.702,0.504,2.99,0.348,1.06,215.0,1.67,233.0,24.09,,,,,,
99942 Apophis (2004 MN4),20099942,True,True,0.922,0.191,3.34,0.746,1.1,324.0,1.11,313.0,19.09,0.34,0.35,30.56,,,
480883 (2001 YE4),20480883,True,True,0.677,0.54,4.85,0.311,1.04,203.0,1.77,193.0,20.92,,,,,,
2340 Hathor (1976 UA),20002340,True,True,0.844,0.45,5.86,0.464,1.22,283.0,1.27,202.0,20.43,0.3,,3.35,,,
524522 Zoozve (2002 VE68),20524522,True,True,0.724,0.41,9.04,0.427,1.02,225.0,1.6,329.0,20.54,,,13.5,,,
(2002 BF25),3102784,True,False,1.07,0.222,6.31,0.837,1.31,407.0,0.885,223.0,22.62,0.152,0.1,,,,
(2012 UR158),3614980,True,True,2.23,0.858,3.19,0.317,4.15,1220.0,0.296,310.0,20.67,0.629,0.023,,,,
523599 (2003 RM),20523599,True,False,2.91,0.606,11.0,1.15,4.68,1820.0,0.198,172.0,19.64,,,,,,
(2000 EB14),3031176,True,False,0.896,0.496,11.6,0.452,1.34,310.0,1.16,35.3,23.43,,,1.79,,,
483656 (2005 ES70),20483656,True,False,0.763,0.386,20.8,0.468,1.06,244.0,1.48,211.0,23.77,,,1.69,,,
(2009 BD),3444297,True,False,1.06,0.0519,1.27,1.01,1.12,400.0,0.9,120.0,28.1,,,,,,
480808 (1994 XL1),20480808,True,True,0.671,0.526,28.2,0.318,1.02,201.0,1.79,317.0,20.64,,,,,,
152563 (1992 BF),20152563,True,False,0.908,0.272,7.25,0.661,1.15,316.0,1.14,242.0,19.71,0.272,0.287,32.0,,,
(1995 CR),3005973,True,True,0.907,0.868,4.08,0.119,1.69,315.0,1.14,169.0,21.76,,,2.66,,,
(2010 VQ),3550139,True,False,0.861,0.197,0.346,0.691,1.03,292.0,1.23,110.0,27.72,,,,,,
441987 (2010 NY65),20441987,True,True,1.0,0.37,11.5,0.632,1.38,367.0,0.98,208.0,21.36,0.228,0.071,4.9706,,,
679648 (2019 XS),20679648,True,False,1.01,0.326,4.45,0.678,1.33,369.0,0.977,68.8,23.85,,,2.35,,,
(2002 JR100),3126183,True,False,0.924,0.299,3.71,0.648,1.2,324.0,1.11,278.0,24.3,0.028,0.441,,,,
612197 (2000 WP19),20612197,True,False,0.854,0.288,7.68,0.608,1.1,288.0,1.25,347.0,22.93,,,,,,
(2018 CW2),3799312,True,False,0.76,0.422,5.1,0.439,1.08,242.0,1.49,123.0,25.66,,,,,,
(2003 BN4),3147315,True,False,1.27,0.172,5.59,1.05,1.49,523.0,0.688,335.0,24.26,,,,,,
(2003 FY6),3151655,True,False,0.73,0.582,6.6,0.305,1.15,228.0,1.58,222.0,22.61,,,,,,
(2001 CQ36),3070801,True,False,0.937,0.177,1.26,0.771,1.1,332.0,1.09,195.0,22.74,,,,,,
829223 (2006 CT),20829223,True,False,1.1,0.231,2.74,0.844,1.35,419.0,0.858,194.0,22.28,,,16.69,,,
(2000 PN8),3092269,True,False,1.25,0.217,22.4,0.981,1.52,512.0,0.703,59.3,22.04,,,,,,
(2012 BB124),3597095,True,True,1.15,0.211,15.8,0.911,1.4,453.0,0.794,299.0,21.1,,,,,,
(2011 EP51),3559843,True,False,0.829,0.308,3.43,0.574,1.08,276.0,1.31,31.9,25.2,,,,,,
(2003 YL118),3170231,True,True,1.13,0.486,7.61,0.581,1.68,439.0,0.819,133.0,21.6,,,,,,
827991 (2002 XQ40),20827991,True,False,1.08,0.351,2.19,0.698,1.45,407.0,0.884,272.0,22.4,,,,,,
(2009 WB105),3479013,True,False,0.826,0.253,38.4,0.617,1.03,274.0,1.31,315.0,23.5,,,,,,
364136 (2006 CJ),20364136,True,True,0.677,0.755,10.2,0.166,1.19,203.0,1.77,16.9,20.19,,,,,,
138175 (2000 EE104),20138175,True,True,1.0,0.293,5.23,0.709,1.3,367.0,0.98,84.8,20.49,,,13.324,,,
(2012 GA5),3602525,True,False,1.14,0.0665,7.3,1.07,1.22,446.0,0.807,322.0,24.19,,,,,,
(2016 GW221),3752012,True,False,0.828,0.267,3.76,0.607,1.05,275.0,1.31,70.5,24.75,,,0.2856,,,
(2007 TF68),3388356,True,False,1.41,0.266,26.2,1.03,1.78,609.0,0.591,271.0,22.62,,,,,,
185851 (2000 DP107),20185851,True,True,1.37,0.377,8.67,0.851,1.88,583.0,0.618,309.0,18.31,0.863,0.137,2.7754,3.224e-08,,
(2010 GD35),3515692,True,False,0.764,0.481,7.82,0.397,1.13,244.0,1.47,273.0,24.62,,,,,,
(2018 KR),3824981,True,False,0.885,0.208,1.16,0.701,1.07,304.0,1.18,217.0,26.39,,,,,,
450237 (2002 XY38),20450237,True,False,0.911,0.218,2.12,0.713,1.11,318.0,1.13,294.0,23.18,0.096,0.134,,,,
85990 (1999 JV6),20085990,True,True,1.01,0.312,5.36,0.695,1.32,370.0,0.972,341.0,20.27,0.451,0.095,6.538,,,
(2004 JN1),3182169,True,False,1.09,0.176,1.5,0.895,1.28,413.0,0.872,79.0,23.74,,,,,,
(2011 CL50),3557536,True,False,0.882,0.146,0.187,0.754,1.01,303.0,1.19,111.0,27.3,,,,,,
(2003 AF23),3146499,True,True,0.874,0.426,23.2,0.502,1.25,299.0,1.21,78.2,21.01,,,19.89,,,
(2001 BB16),3071939,True,False,0.855,0.172,2.03,0.708,1.0,289.0,1.25,303.0,23.2,,,,,,
139359 (2001 ME1),20139359,True,True,2.63,0.87,5.96,0.343,4.93,1560.0,0.231,231.0,16.52,,,,,,
(2000 TU28),3050517,True,True,1.07,0.183,15.6,0.877,1.27,406.0,0.887,134.0,21.05,,,128.5,,,
1862 Apollo (1932 HA),20001862,True,True,1.47,0.56,6.35,0.647,2.29,652.0,0.552,114.0,16.08,1.5,0.25,3.065,,,
363599 (2004 FG11),20363599,True,True,1.59,0.724,3.13,0.438,2.73,730.0,0.493,267.0,21.05,0.152,0.306,7.021,,,
326354 (2000 SJ344),20326354,True,False,1.14,0.175,5.75,0.941,1.34,445.0,0.809,222.0,22.78,,,,,,
401885 (2001 RV17),20401885,True,False,0.915,0.342,7.53,0.602,1.23,320.0,1.13,87.4,20.42,,,,,,
477719 (2010 SG15),20477719,True,False,2.08,0.476,0.828,1.09,3.07,1090.0,0.329,12.8,25.26,,,,,,
(2014 RQ17),3687148,True,False,1.77,0.443,3.66,0.985,2.55,858.0,0.42,254.0,22.3,,,0.5216,,,
363027 (1998 ST27),20363027,True,True,0.82,0.53,21.1,0.386,1.25,271.0,1.33,88.4,19.58,0.578,0.059,3.0,,,
350462 (1998 KG3),20350462,True,False,1.16,0.117,5.51,1.02,1.29,456.0,0.79,108.0,22.1,,,13.335,,,
612600 (2003 SM84),20612600,True,False,1.13,0.082,2.8,1.03,1.22,436.0,0.826,279.0,23.02,,,,,,
1566 Icarus (1949 MA),20001566,True,True,1.08,0.827,22.8,0.186,1.97,409.0,0.881,153.0,16.53,1.0,0.51,2.2726,,,
468468 (2004 KH17),20468468,True,True,0.712,0.498,22.1,0.357,1.07,220.0,1.64,112.0,22.01,0.197,0.072,,,,
(2016 TH94),3762462,True,False,0.827,0.373,23.1,0.519,1.14,275.0,1.31,276.0,24.58,,,,,,
399308 (1993 GD),20399308,True,False,1.1,0.238,15.5,0.84,1.36,423.0,0.852,201.0,20.62,,,,,,
613569 (2006 TU7),20613569,True,True,0.851,0.47,2.95,0.451,1.25,287.0,1.25,24.7,21.95,,,,,,
(2007 TF15),3387609,True,False,1.11,0.0444,4.26,1.06,1.16,426.0,0.845,337.0,24.69,,,,,,
437844 (1999 MN),20437844,True,True,0.674,0.665,2.03,0.226,1.12,202.0,1.78,108.0,21.01,,,5.495,,,
613995 (2008 NP3),20613995,True,False,1.0,0.334,1.43,0.669,1.34,368.0,0.978,4.28,22.85,0.193,0.023,,,,
(2016 PF8),3756949,True,True,1.13,0.563,5.67,0.494,1.77,439.0,0.821,329.0,21.43,,,,,,
(2015 EG),3712904,True,False,0.863,0.356,2.5,0.556,1.17,293.0,1.23,232.0,25.61,,,1.29,,,
612094 (1999 NW2),20612094,True,False,1.12,0.109,8.68,0.995,1.24,431.0,0.836,80.0,23.27,,,4.2,,,
265482 (2005 EE),20265482,True,True,1.13,0.328,6.17,0.759,1.5,438.0,0.822,183.0,21.21,,,2.6534,,,
85953 (1999 FK21),20085953,True,False,0.739,0.703,12.6,0.219,1.26,232.0,1.55,259.0,18.09,0.59,0.32,28.08,,,
(2021 GM1),54134666,True,False,0.978,0.0255,1.18,0.953,1.0,353.0,1.02,72.9,30.4,,,,,,
(2018 HG2),3819574,True,False,1.19,0.33,14.3,0.801,1.59,477.0,0.754,352.0,24.26,,,,,,
264357 (2000 AZ93),20264357,True,True,0.747,0.36,8.59,0.478,1.02,236.0,1.53,202.0,21.17,0.113,0.037,,,,
(2017 OU18),3778624,True,False,0.826,0.377,30.4,0.514,1.14,274.0,1.31,206.0,23.98,,,,,,
(2005 RZ2),3289743,True,False,1.11,0.103,13.2,0.992,1.22,425.0,0.847,47.3,23.3,,,,,,
326290 Akhenaten (1998 HE3),20326290,True,True,0.879,0.44,3.38,0.492,1.27,301.0,1.2,63.6,21.83,,,,,,
216985 (2000 QK130),20216985,True,True,1.18,0.262,4.72,0.871,1.49,469.0,0.768,305.0,21.34,,,,,,
(1996 AE2),3008362,True,False,1.37,0.257,37.4,1.02,1.72,584.0,0.616,270.0,20.23,,,,,,
488453 (1994 XD),20488453,True,True,2.34,0.734,4.33,0.624,4.06,1310.0,0.275,233.0,19.24,,,2.7365,,,
(2009 OS5),3465236,True,False,1.15,0.0994,1.71,1.03,1.26,449.0,0.801,146.0,24.4,,,,,,
613862 (2007 UY1),20613862,True,False,0.949,0.176,1.02,0.782,1.12,338.0,1.07,302.0,23.1,,,,,,
(2005 VL1),3297629,True,False,0.891,0.225,0.236,0.691,1.09,307.0,1.17,49.7,26.45,,,,,,
3361 Orpheus (1982 HR),20003361,True,True,1.21,0.323,2.65,0.819,1.6,486.0,0.74,321.0,19.54,0.3,0.357,3.5327,,,
481442 (2006 WO3),20481442,True,False,0.8,0.447,21.2,0.442,1.16,261.0,1.38,346.0,21.58,,,,,,
216523 (2001 HY7),20216523,True,True,0.914,0.412,5.21,0.537,1.29,319.0,1.13,181.0,20.7,,,0.042,,,
(2000 EM26),3092253,True,False,0.817,0.467,3.84,0.436,1.2,270.0,1.33,60.6,22.51,,,,,,
297418 (2000 SP43),20297418,True,True,0.812,0.467,10.3,0.433,1.19,267.0,1.35,250.0,18.52,0.407,0.388,6.314,,,
(2008 DB),3403149,True,False,1.05,0.233,4.22,0.808,1.3,395.0,0.912,211.0,25.8,,,,,,
455176 (1999 VF22),20455176,True,True,1.31,0.739,3.92,0.343,2.28,549.0,0.655,146.0,20.71,,,6.681,,,
162004 (1991 VE),20162004,True,False,0.891,0.665,7.22,0.299,1.48,307.0,1.17,263.0,18.29,,,13.4895,,,
99907 (1989 VA),20099907,True,False,0.728,0.595,28.8,0.295,1.16,227.0,1.59,156.0,17.94,1.4,,2.5246,,,
310842 (2003 AK18),20310842,True,False,0.877,0.384,7.4,0.54,1.21,300.0,1.2,64.7,19.83,,,5.3257,,,
4179 Toutatis (1989 AC),20004179,True,True,2.54,0.625,0.448,0.954,4.13,1480.0,0.243,76.9,15.29,5.4,0.405,176.0,,,
(2021 UN7),54214728,True,False,0.999,0.393,20.3,0.606,1.39,365.0,0.987,97.0,23.36,,,,,,
(2013 GZ7),3634186,True,False,1.41,0.192,5.28,1.14,1.67,609.0,0.591,213.0,24.0,,,,,,
796478 (2009 WF),20796478,True,False,1.39,0.329,15.8,0.93,1.84,596.0,0.604,338.0,19.78,,,,,,
330659 (2008 GG2),20330659,True,False,1.59,0.278,13.0,1.15,2.03,730.0,0.493,292.0,23.01,,,,,,
175706 (1996 FG3),20175706,True,True,1.05,0.35,1.97,0.685,1.42,396.0,0.91,36.7,18.3,1.196,0.072,3.5942,,,
480820 (1998 VF32),20480820,True,True,0.851,0.444,23.7,0.473,1.23,287.0,1.26,46.6,20.97,,,,,,
2062 Aten (1976 AA),20002062,True,False,0.967,0.183,18.9,0.79,1.14,347.0,1.04,32.6,17.11,1.1,0.26,42.15,,,
10302 (1989 ML),20010302,True,False,1.27,0.137,4.38,1.1,1.45,524.0,0.686,122.0,19.44,,,19.2406,,,
595116 (2001 QE96),20595116,True,False,1.31,0.0281,7.27,1.27,1.35,548.0,0.657,320.0,22.77,,,,,,
796120 (2009 EM1),20796120,True,False,2.53,0.554,18.0,1.13,3.93,1470.0,0.245,61.2,23.0,,,,,,
385186 (1994 AW1),20385186,True,True,1.1,0.0756,24.1,1.02,1.19,424.0,0.849,295.0,17.64,0.811,0.223,2.5193,,,
470975 (2009 SC15),20470975,True,False,1.26,0.179,6.84,1.04,1.49,520.0,0.693,341.0,21.43,,,10.354,,,
510529 (2012 EY11),20510529,True,True,1.15,0.151,9.02,0.975,1.32,450.0,0.801,145.0,21.58,,,,,,
(2014 WF497),3701710,True,False,1.11,0.222,28.4,0.864,1.36,427.0,0.843,232.0,20.34,,,,,,
(1997 YM9),3092168,True,False,1.1,0.104,7.84,0.982,1.21,419.0,0.859,82.7,24.36,,,,,,
(1999 UQ),3092237,True,False,1.09,0.0156,24.8,1.08,1.11,418.0,0.861,92.4,21.87,,,,,,
(1994 WR12),3005969,True,False,0.757,0.397,6.85,0.456,1.06,240.0,1.5,153.0,22.4,,,,,,
348306 (2005 AY28),20348306,True,True,0.873,0.57,5.88,0.375,1.37,298.0,1.21,92.3,21.55,,,,,,
412976 (1987 WC),20412976,True,False,1.36,0.234,15.8,1.04,1.68,581.0,0.62,5.03,19.9,,,,,,
363505 (2003 UC20),20363505,True,True,0.781,0.337,3.78,0.518,1.04,252.0,1.43,118.0,18.47,1.876,0.029,29.6,,,
499998 (2011 PT),20499998,True,False,1.32,0.217,2.22,1.03,1.6,551.0,0.653,140.0,24.01,,,,,,
164207 Cardea (2004 GU9),20164207,True,True,1.0,0.136,13.7,0.865,1.14,366.0,0.984,97.3,21.19,0.163,0.219,,,,
6489 Golevka (1991 JX),20006489,True,True,2.48,0.619,2.26,0.944,4.01,1420.0,0.253,252.0,19.22,0.53,0.151,6.026,,,
(2000 AA6),3025766,True,True,1.29,0.519,2.03,0.618,1.95,533.0,0.676,219.0,22.44,0.316,0.026,,,,
152671 (1998 HL3),20152671,True,True,1.13,0.366,2.68,0.716,1.54,438.0,0.822,255.0,20.24,0.298,0.2,,,,
(2022 QX4),54297628,True,False,0.681,0.505,0.138,0.337,1.02,205.0,1.75,99.7,24.7,,,0.088812,,,
350523 (2000 EA14),20350523,True,True,1.12,0.203,3.56,0.891,1.34,432.0,0.834,13.6,21.16,,,,,,
467351 (2003 KO2),20467351,True,True,0.728,0.511,23.5,0.356,1.1,227.0,1.59,266.0,20.36,,,6.48,,,
494710 (2005 MO13),20494710,True,True,0.863,0.411,6.32,0.509,1.22,293.0,1.23,23.1,20.75,,,,,,
(2018 GY),3802409,True,False,0.767,0.406,8.75,0.455,1.08,245.0,1.47,298.0,24.83,,,,,,
334412 (2002 EZ2),20334412,True,False,1.25,0.046,13.0,1.19,1.31,510.0,0.706,149.0,20.32,,,34.077,,,
(2012 UK171),3615463,True,False,0.859,0.223,1.29,0.667,1.05,291.0,1.24,272.0,24.46,,,,,,
416151 (2002 RQ25),20416151,True,False,1.11,0.306,4.57,0.771,1.45,428.0,0.841,10.7,20.67,,,12.191,,,
154590 (2003 MA3),20154590,True,True,1.11,0.402,1.42,0.661,1.55,424.0,0.848,36.3,21.7,0.086,0.53,,,,
(2015 KJ19),3719475,True,False,2.08,0.745,2.55,0.531,3.63,1100.0,0.328,198.0,22.51,,,,,,
747011 (2012 PG6),20747011,True,False,0.837,0.616,6.53,0.321,1.35,280.0,1.29,356.0,20.24,,,10.58,,,
(2018 KC2),3825017,True,False,1.16,0.232,4.48,0.892,1.43,457.0,0.787,109.0,22.89,,,,,,
(2005 TF49),3293832,True,True,1.04,0.0254,24.5,1.02,1.07,389.0,0.926,34.7,19.05,,,,,,
(2012 HL31),3603128,True,False,0.888,0.374,19.8,0.556,1.22,305.0,1.18,226.0,22.43,,,,,,
(2010 VK139),3551475,True,False,0.78,0.282,27.0,0.56,1.0,252.0,1.43,103.0,23.71,0.055,0.196,0.0299522,,,
66400 (1999 LT7),20066400,True,False,0.855,0.573,9.06,0.366,1.35,289.0,1.25,25.6,19.27,0.411,0.182,,,,
(2021 FR1),54132420,True,False,1.08,0.392,6.96,0.658,1.5,411.0,0.876,320.0,22.39,,,,,,
422686 (2000 AC6),20422686,True,True,0.854,0.287,4.7,0.609,1.1,288.0,1.25,115.0,21.63,0.176,0.143,2.4437,,,
357622 (2005 EY95),20357622,True,True,1.08,0.538,3.17,0.5,1.67,412.0,0.874,187.0,20.32,,,3.925,,,
(2012 UU136),3614397,True,True,1.16,0.212,35.6,0.914,1.41,456.0,0.789,269.0,21.45,,,,,,
(2000 CK59),3031776,True,False,1.48,0.311,5.71,1.02,1.94,655.0,0.549,137.0,24.1,,,,,,
283457 (2001 MQ3),20283457,True,False,2.24,0.455,5.57,1.22,3.25,1220.0,0.295,91.6,19.1,,,,,,
424392 (2007 YJ),20424392,True,False,1.1,0.28,3.31,0.795,1.41,423.0,0.851,39.4,22.12,0.239,0.054,,,,
(2011 PU1),3574830,True,False,1.3,0.246,4.36,0.983,1.62,544.0,0.662,236.0,25.6,,,,,,
492143 (2013 OE),20492143,True,False,2.03,0.509,9.79,0.998,3.07,1060.0,0.34,7.92,17.65,,,77.51,,,
(2010 XX72),3554011,True,False,0.903,0.284,4.47,0.647,1.16,314.0,1.15,330.0,22.06,,,,,,
2101 Adonis (1936 CA),20002101,True,True,1.87,0.764,1.32,0.442,3.31,937.0,0.384,24.5,18.69,0.6,,,,,
4581 Asclepius (1989 FC),20004581,True,True,1.02,0.357,4.92,0.658,1.39,378.0,0.953,233.0,20.74,,,8.008,,,
(2015 XC352),3736678,True,False,1.02,0.146,4.48,0.867,1.16,374.0,0.964,173.0,25.82,,,,,,
(2011 JW10),3565395,True,False,1.31,0.215,21.6,1.03,1.59,548.0,0.657,193.0,23.14,,,,,,
69230 Hermes (1937 UB),20069230,True,True,1.66,0.624,6.07,0.622,2.69,778.0,0.463,105.0,17.68,,,13.894,,,
(1994 GL),3092124,True,False,0.683,0.504,3.68,0.339,1.03,206.0,1.74,163.0,25.5,,,,,,
33342 (1998 WT24),20033342,True,True,0.719,0.418,7.37,0.419,1.02,223.0,1.62,315.0,18.02,0.432,0.654,3.697,,,
(2020 FW6),54016425,True,False,1.31,0.299,25.5,0.92,1.7,548.0,0.656,211.0,23.22,,,,,,
506590 (2005 XB1),20506590,True,False,1.13,0.419,8.71,0.658,1.61,440.0,0.819,292.0,21.97,0.099,0.287,,,,
481965 (2009 EB1),20481965,True,False,1.11,0.454,12.5,0.604,1.61,425.0,0.847,324.0,20.69,,,,,,
388188 (2006 DP14),20388188,True,True,1.36,0.776,11.8,0.305,2.42,582.0,0.618,164.0,19.0,,,5.7868,,,
163000 (2001 SW169),20163000,True,False,1.25,0.0514,3.55,1.18,1.31,509.0,0.707,168.0,19.25,,,69.97,,,
467460 (2006 JF42),20467460,True,True,0.672,0.582,5.94,0.281,1.06,201.0,1.79,304.0,19.05,,,13.98,,,
162361 (2000 AF6),20162361,True,True,0.876,0.411,2.71,0.516,1.24,299.0,1.2,310.0,20.24,,,3.4558,,,
(2007 RY19),3384484,True,False,1.11,0.253,12.6,0.827,1.39,426.0,0.846,147.0,22.75,,,,,,
4034 Vishnu (1986 PA),20004034,True,True,1.06,0.444,11.2,0.589,1.53,398.0,0.904,262.0,18.49,0.42,0.52,44.4,,,
163023 (2001 XU1),20163023,True,False,0.797,0.546,27.1,0.362,1.23,260.0,1.38,350.0,19.52,,,,,,
612358 (2002 JE9),20612358,True,True,1.07,0.417,8.77,0.622,1.51,402.0,0.896,200.0,21.4,,,,,,
467336 (2002 LT38),20467336,True,True,0.845,0.314,6.18,0.58,1.11,284.0,1.27,268.0,20.61,,,14.95,,,
(2006 KS1),3333612,True,False,1.47,0.315,3.65,1.01,1.93,651.0,0.553,6.85,25.41,,,,,,
745311 (2010 XC15),20745311,True,True,0.732,0.42,8.24,0.425,1.04,229.0,1.57,95.6,21.48,,,2.673,,,
(2015 TC25),3729281,True,False,1.03,0.116,3.74,0.909,1.15,381.0,0.945,181.0,29.34,,,0.03715,,,
242191 (2003 NZ6),20242191,True,False,0.793,0.492,18.2,0.403,1.18,258.0,1.39,132.0,19.02,0.37,0.334,13.531,,,
8014 (1990 MF),20008014,True,True,1.75,0.456,1.87,0.951,2.54,844.0,0.427,102.0,18.88,0.7,,50.09,,,
310442 (2000 CH59),20310442,True,True,0.862,0.423,3.26,0.497,1.23,292.0,1.23,218.0,19.82,,,6.0542,,,
613471 (2006 RJ1),20613471,True,False,0.95,0.3,1.41,0.665,1.24,338.0,1.06,20.0,22.27,,,,,,
452334 (2001 LB),20452334,True,False,1.24,0.189,20.8,1.0,1.47,502.0,0.717,325.0,21.08,,,,,,
337248 (2000 RH60),20337248,True,False,0.826,0.551,19.6,0.371,1.28,274.0,1.31,21.5,20.08,0.846,0.025,25.2,,,
(1998 KY26),3012392,True,False,1.23,0.2,1.49,0.983,1.47,498.0,0.724,0.983,25.91,0.011,0.52,0.089193,,,
(2014 WF201),3698475,True,False,1.11,0.111,8.5,0.988,1.23,428.0,0.841,171.0,25.59,,,0.4743,,,
(2019 QU2),3843622,True,False,0.824,0.705,11.3,0.243,1.4,273.0,1.32,11.4,22.21,,,,,,
(2008 LG2),3413165,True,False,0.851,0.23,3.06,0.656,1.05,287.0,1.26,252.0,25.34,,,,,,
(1999 SH10),3022971,True,False,1.1,0.131,9.59,0.955,1.24,421.0,0.856,313.0,22.75,,,0.1264,,,
350751 (2002 AW),20350751,True,True,1.07,0.257,0.574,0.796,1.35,405.0,0.889,37.7,20.82,,,4.647,,,
306383 (1993 VD),20306383,True,True,0.876,0.552,2.07,0.393,1.36,299.0,1.2,127.0,21.49,,,0.94345,,,
138852 (2000 WN10),20138852,True,False,1.0,0.298,21.5,0.703,1.3,366.0,0.983,91.1,20.3,,,4.4622,,,
443880 (2001 UZ16),20443880,True,True,1.76,0.427,12.7,1.01,2.51,853.0,0.422,129.0,19.38,0.228,0.593,13.719,,,
(1997 XE10),3007642,True,False,1.87,0.478,6.29,0.977,2.77,935.0,0.385,328.0,24.53,,,,,,
416002 (2002 BN),20416002,True,False,0.875,0.546,27.8,0.397,1.35,299.0,1.2,305.0,20.49,,,,,,
465617 (2009 EK1),20465617,True,True,1.24,0.229,9.12,0.957,1.53,505.0,0.713,155.0,21.36,,,,,,
614470 Flordeneu (2009 ST19),20614470,True,True,2.36,0.595,6.73,0.954,3.76,1320.0,0.272,168.0,18.38,,,,,,
153201 (2000 WO107),20153201,True,True,0.911,0.781,7.77,0.2,1.62,318.0,1.13,313.0,19.3,0.51,0.129,5.022,,,
412983 (1996 FO3),20412983,True,True,1.44,0.29,5.81,1.02,1.86,632.0,0.569,72.4,20.16,,,,,,
478784 (2012 UV136),20478784,True,False,1.01,0.14,2.1,0.868,1.15,370.0,0.973,245.0,25.6,,,,,,
741081 (2005 LW3),20741081,True,True,1.44,0.464,6.02,0.772,2.11,630.0,0.571,293.0,21.67,,,3.6,,,
153814 (2001 WN5),20153814,True,True,1.71,0.467,1.92,0.912,2.51,818.0,0.44,287.0,18.28,0.932,0.097,4.253,,,
4688 (1980 WF),20004688,True,False,2.23,0.518,6.37,1.08,3.39,1220.0,0.295,163.0,19.6,0.6,0.18,,,,
192559 (1998 VO),20192559,True,True,1.07,0.227,10.1,0.831,1.32,407.0,0.884,176.0,20.43,,,,,,
410777 (2009 FD),20410777,True,False,1.16,0.493,3.12,0.59,1.74,459.0,0.785,50.4,22.18,0.472,0.01,4.0,,,
199145 (2005 YY128),20199145,True,True,1.65,0.732,3.77,0.441,2.86,773.0,0.466,87.7,18.3,,,15.59,,,
251732 (1998 HG49),20251732,True,False,1.2,0.113,4.19,1.07,1.34,480.0,0.749,188.0,21.76,,,,,,
(2003 GQ22),3152317,True,True,0.872,0.181,17.0,0.714,1.03,298.0,1.21,105.0,21.34,,,,,,
29075 (1950 DA),20029075,True,True,1.7,0.508,12.2,0.837,2.56,809.0,0.445,41.3,17.28,1.3,0.07,2.1216,,,
(2012 HN13),3602837,True,False,1.41,0.308,4.07,0.974,1.84,611.0,0.59,7.88,22.96,,,,,,
(2010 FX9),3512704,True,False,1.13,0.367,3.77,0.716,1.55,440.0,0.819,64.8,24.06,0.03,0.425,,,,
(2005 TG50),3293922,True,False,0.923,0.135,2.39,0.798,1.05,324.0,1.11,75.2,24.83,,,,,,
526798 (2007 AA9),20526798,True,False,0.858,0.42,6.8,0.497,1.22,290.0,1.24,5.44,22.58,,,,,,
(2005 EY169),3274304,True,False,1.31,0.233,20.9,1.0,1.61,546.0,0.66,274.0,22.29,,,,,,
612050 (1997 GL3),20612050,True,True,2.27,0.784,6.68,0.49,4.05,1250.0,0.288,139.0,19.14,,,7.572,,,
(2008 BP16),3401191,True,False,0.829,0.65,29.2,0.29,1.37,276.0,1.31,120.0,21.81,,,,,,
2063 Bacchus (1977 HB),20002063,True,False,1.08,0.349,9.43,0.701,1.45,409.0,0.881,235.0,17.21,1.024,0.203,14.904,,,
(2017 BM123),3768609,True,False,1.31,0.297,7.83,0.922,1.7,549.0,0.656,265.0,23.81,,,2.1503,,,
(2002 EW8),3117430,True,False,1.85,0.46,11.4,0.998,2.7,917.0,0.393,168.0,23.84,,,,,,
(2015 LA2),3720924,True,False,0.883,0.281,7.71,0.635,1.13,303.0,1.19,14.5,23.01,,,,,,
204131 (2003 YL),20204131,True,False,1.15,0.632,5.65,0.421,1.87,448.0,0.803,8.47,19.94,,,10.27,,,
(2002 GD10),3120896,True,False,1.22,0.131,19.2,1.06,1.38,490.0,0.734,222.0,22.71,,,0.7356,,,
(2008 WT62),3440396,True,False,0.884,0.354,18.2,0.571,1.2,304.0,1.19,33.9,23.11,,,,,,
(2014 US7),3693721,True,False,0.859,0.273,9.86,0.624,1.09,291.0,1.24,83.6,26.6,,,,,,
(2013 BA74),3625704,True,False,1.75,0.445,5.22,0.975,2.53,849.0,0.424,171.0,25.4,,,,,,
19356 (1997 GH3),20019356,True,False,2.51,0.558,3.01,1.11,3.91,1450.0,0.248,93.2,17.0,0.91,0.34,6.714,,,
433 Eros (A898 PA),20000433,True,False,1.46,0.223,10.8,1.13,1.78,643.0,0.56,311.0,10.38,16.84,0.25,5.27,0.0004463,,
152828 (1999 VT25),20152828,True,True,1.16,0.523,5.15,0.554,1.77,458.0,0.787,208.0,21.26,,,,,,
457662 (2009 DZ),20457662,True,True,1.45,0.302,14.1,1.01,1.89,640.0,0.562,214.0,22.0,,,,,,
375505 (2008 UN90),20375505,True,False,1.4,0.126,17.5,1.23,1.58,608.0,0.592,121.0,20.2,,,,,,
154007 (2002 BY),20154007,True,False,1.82,0.347,2.73,1.19,2.45,895.0,0.402,190.0,18.12,,,14.91,,,
152667 (1998 FR11),20152667,True,False,2.81,0.708,6.68,0.821,4.79,1720.0,0.21,293.0,16.43,,,,,,
267759 (2003 MC7),20267759,True,False,1.37,0.184,21.2,1.12,1.63,588.0,0.612,5.44,18.91,,,,,,
(2011 GE3),3561029,True,False,0.815,0.293,6.24,0.576,1.05,268.0,1.34,120.0,25.88,,,,,,
308635 (2005 YU55),20308635,True,True,1.16,0.43,0.34,0.659,1.65,454.0,0.792,146.0,21.91,0.4,,18.0,,,
138404 (2000 HA24),20138404,True,True,1.14,0.319,2.16,0.776,1.5,444.0,0.811,104.0,19.39,,,3.9077,,,
455184 (2000 ED14),20455184,True,True,0.835,0.567,13.8,0.362,1.31,279.0,1.29,159.0,21.23,,,,,,
3908 Nyx (1980 PA),20003908,True,False,1.93,0.459,2.19,1.04,2.81,978.0,0.368,313.0,17.45,1.0,0.23,4.42601,,,
234341 (2001 FZ57),20234341,True,False,0.944,0.604,20.7,0.374,1.51,335.0,1.07,166.0,18.93,0.344,0.493,,,,
380818 (2005 YV128),20380818,True,False,0.923,0.512,14.1,0.45,1.4,324.0,1.11,235.0,20.67,,,,,,
329437 (2002 OA22),20329437,True,True,0.936,0.243,6.9,0.708,1.16,331.0,1.09,51.3,19.41,,,2.6214,,,
230111 (2001 BE10),20230111,True,True,0.823,0.369,17.5,0.519,1.13,273.0,1.32,210.0,19.27,,0.253,4.194,,,
483459 (2002 EM6),20483459,True,False,1.16,0.141,31.8,0.996,1.32,456.0,0.789,239.0,20.32,,,,,,
437841 (1998 HD14),20437841,True,True,0.963,0.313,7.81,0.662,1.26,345.0,1.04,151.0,21.0,,,,,,
413577 (2005 UL5),20413577,True,True,0.936,0.57,14.3,0.403,1.47,331.0,1.09,313.0,20.34,,,3.4591,,,
523801 (1993 TQ2),20523801,True,False,1.99,0.419,6.04,1.15,2.82,1020.0,0.352,145.0,20.02,,,,,,
397326 (2006 TC1),20397326,True,False,1.72,0.375,4.49,1.08,2.37,824.0,0.437,104.0,19.09,,,,,,
491007 (2011 GL62),20491007,True,False,1.14,0.707,15.7,0.334,1.95,444.0,0.81,55.5,19.54,,,,,,
446924 (2002 VV17),20446924,True,False,0.838,0.437,9.7,0.472,1.2,280.0,1.29,250.0,20.21,,,,,,
403775 (2011 HS4),20403775,True,True,0.938,0.68,5.46,0.3,1.58,332.0,1.08,101.0,20.9,,,,,,
136582 (1992 BA),20136582,True,False,1.34,0.068,10.5,1.25,1.43,568.0,0.634,157.0,19.87,,,,,,
4015 Wilson-Harrington (1979 VA),20004015,True,True,2.63,0.631,2.8,0.969,4.28,1550.0,0.232,274.0,16.19,4.0,0.05,3.5736,,,
4947 Ninkasi (1988 TJ1),20004947,True,False,1.37,0.168,15.7,1.14,1.6,586.0,0.615,30.4,18.09,,,21.1,,,
612027 (1995 FJ),20612027,True,False,1.09,0.27,25.0,0.792,1.38,413.0,0.872,298.0,20.68,,,9.2,,,
267337 (2001 VK5),20267337,True,True,1.27,0.514,19.4,0.617,1.92,522.0,0.689,341.0,18.05,0.439,0.578,39.05,,,
457059 (2008 EG),20457059,True,False,0.943,0.739,26.8,0.246,1.64,334.0,1.08,34.2,20.05,,,,,,
(2017 XO2),3791291,True,False,1.13,0.365,14.5,0.72,1.55,441.0,0.817,289.0,22.49,,,,,,
469445 (2002 LT24),20469445,True,False,0.72,0.496,0.766,0.363,1.08,223.0,1.61,302.0,22.14,0.143,0.136,,,,
613398 (2006 FK),20613398,True,False,0.923,0.343,14.6,0.606,1.24,324.0,1.11,223.0,21.25,,,,,,
162117 (1998 SD15),20162117,True,False,0.933,0.345,26.8,0.611,1.25,329.0,1.09,165.0,19.04,,,7.33,,,
523828 (1992 BC),20523828,True,False,1.42,0.352,14.3,0.921,1.92,619.0,0.581,305.0,19.96,,,,,,
(2010 WF3),3552574,True,False,1.08,0.268,10.8,0.788,1.36,408.0,0.883,10.2,21.0,,,,,,
417816 (2007 FA),20417816,True,True,1.25,0.266,16.3,0.918,1.58,510.0,0.705,54.3,20.27,,,,,,
(2006 BE55),3314045,True,True,1.2,0.424,2.4,0.688,1.7,477.0,0.754,347.0,21.98,,,5.61,,,
358453 (2007 EH88),20358453,True,False,1.12,0.441,12.1,0.627,1.62,435.0,0.828,115.0,19.83,,,,,,
,,False,False,,,,,,,,,,,,,,,
(2020 PP1),54050999,True,False,1.01,0.0701,5.98,0.936,1.08,369.0,0.976,220.0,26.68,,,,,,
376879 (2001 WW1),20376879,True,False,1.21,0.122,21.7,1.06,1.36,486.0,0.741,332.0,22.35,,,,,,
(2002 QQ40),3134259,True,True,1.21,0.564,1.72,0.53,1.9,489.0,0.736,68.4,21.48,,,,,,
26310 (1998 TX6),20026310,True,False,2.14,0.47,5.38,1.13,3.14,1140.0,0.315,270.0,19.28,,,,,,
474179 (1999 VS6),20474179,True,False,1.2,0.223,28.0,0.93,1.46,479.0,0.752,250.0,19.08,,,15.88,,,
1685 Toro (1948 OA),20001685,True,False,1.37,0.436,9.38,0.771,1.96,584.0,0.616,82.7,14.28,3.4,0.31,10.1995,,,
511684 (2015 BN509),20511684,True,True,1.01,0.568,4.16,0.435,1.58,369.0,0.976,196.0,20.78,0.315,0.093,5.6713,,,
65717 (1993 BX3),20065717,True,True,1.4,0.281,2.81,1.0,1.79,602.0,0.598,344.0,20.87,,,20.33,,,
613014 (2005 QS10),20613014,True,False,2.42,0.479,15.8,1.26,3.58,1370.0,0.262,124.0,18.82,,,2.82,,,
(2007 AM),3365921,True,False,0.799,0.467,11.7,0.426,1.17,261.0,1.38,344.0,21.82,,,,,,
612227 (2001 QC34),20612227,True,True,1.13,0.188,6.24,0.917,1.34,438.0,0.822,301.0,20.18,,,,,,
613714 (2007 DL41),20613714,True,True,1.46,0.476,4.67,0.763,2.15,643.0,0.56,150.0,20.82,,,,,,
(2000 QV7),3046125,True,True,1.41,0.523,9.12,0.672,2.15,611.0,0.59,73.2,21.55,,,,,,
(2020 QA7),54053756,True,False,2.72,0.528,8.11,1.28,4.15,1640.0,0.22,52.0,20.13,,,,,,
2100 Ra-Shalom (1978 RA),20002100,True,False,0.832,0.436,15.8,0.469,1.2,277.0,1.3,249.0,16.24,2.3,0.13,19.797,,,
162783 (2000 YJ11),20162783,True,True,1.31,0.232,7.26,1.01,1.62,550.0,0.655,229.0,20.91,,,,,,
474158 (1999 FA),20474158,True,True,1.08,0.133,12.0,0.935,1.22,409.0,0.88,357.0,20.71,,,10.092,,,
(2021 QH2),54190788,True,False,1.0,0.285,10.3,0.718,1.29,368.0,0.979,332.0,25.05,,,,,,
277810 (2006 FV35),20277810,True,False,1.0,0.377,7.1,0.623,1.38,366.0,0.984,76.7,21.72,,,,,,
377097 (2002 WQ4),20377097,True,True,1.96,0.556,3.94,0.868,3.04,1000.0,0.36,105.0,19.71,,,36.0,,,
(2010 WT8),3552653,True,False,1.15,0.284,4.54,0.825,1.48,451.0,0.798,252.0,22.02,,,,,,
(2005 MF5),3283218,True,False,0.804,0.382,29.5,0.497,1.11,263.0,1.37,299.0,21.73,,,,,,
65679 (1989 UQ),20065679,True,True,0.915,0.265,1.3,0.673,1.16,320.0,1.13,287.0,19.62,0.918,0.033,7.746,,,
177016 (2003 BM47),20177016,True,False,1.16,0.582,13.8,0.485,1.84,456.0,0.789,345.0,19.95,,,,,,
592968 (2015 FV118),20592968,True,False,0.858,0.584,6.24,0.357,1.36,290.0,1.24,356.0,21.68,,,,,,
37655 Illapa (1994 PM),20037655,True,True,1.48,0.752,18.0,0.366,2.59,656.0,0.549,114.0,17.85,,,2.6556,,,
(2017 GQ5),3773834,True,False,1.25,0.754,37.7,0.307,2.19,510.0,0.706,352.0,20.48,,,,,,
337084 (1998 SE36),20337084,True,False,1.34,0.0991,11.7,1.21,1.47,567.0,0.634,303.0,19.76,,,11.855,,,
(2008 KV2),3412755,True,True,0.85,0.412,5.04,0.5,1.2,286.0,1.26,322.0,21.26,,,0.038,,,
4769 Castalia (1989 PB),20004769,True,True,1.06,0.483,8.89,0.549,1.58,400.0,0.899,324.0,17.4,1.4,0.092,4.095,,,
(2016 JE),3752703,True,False,0.822,0.472,16.7,0.434,1.21,272.0,1.32,99.7,21.94,,,,,,
483422 (2000 CE59),20483422,True,True,1.14,0.167,12.3,0.948,1.33,443.0,0.812,341.0,20.53,,,3.623,,,
(2014 QH33),3682466,True,False,1.08,0.185,2.83,0.884,1.28,412.0,0.873,50.9,24.44,,,,,,
(2009 MW),3463371,True,False,0.913,0.299,21.0,0.64,1.19,319.0,1.13,69.4,20.86,,,,,,
203471 (2002 AU4),20203471,True,False,0.855,0.374,17.2,0.536,1.17,289.0,1.25,233.0,19.45,,,13.26,,,
(2002 VU114),3143095,True,False,1.18,0.286,2.77,0.843,1.52,468.0,0.768,277.0,22.8,,,,,,
325102 (2008 EY5),20325102,True,False,0.626,0.627,5.11,0.234,1.02,181.0,1.99,47.7,20.17,0.361,0.124,,,,
85774 (1998 UT18),20085774,True,True,1.4,0.329,13.6,0.941,1.86,607.0,0.593,55.9,19.09,0.939,0.042,55.0,,,
(2011 EZ40),3559737,True,False,1.72,0.443,24.2,0.959,2.48,825.0,0.436,147.0,20.9,,,,,,
413260 (2003 TL4),20413260,True,True,0.777,0.381,12.2,0.48,1.07,250.0,1.44,330.0,19.57,,,27.2,,,
483560 (2004 BV1),20483560,True,True,1.46,0.368,12.2,0.925,2.0,646.0,0.557,240.0,19.27,,,5.8124,,,
612103 (1999 SK10),20612103,True,False,1.76,0.442,6.96,0.985,2.54,856.0,0.421,18.0,19.84,,,,,,
497113 (2004 EK1),20497113,True,False,1.25,0.251,11.6,0.936,1.56,510.0,0.706,228.0,22.29,,,,,,
(2016 CA138),3743123,True,False,0.998,0.0494,27.7,0.949,1.05,364.0,0.988,133.0,23.31,,,5.3197,,,
136564 (1977 VA),20136564,True,False,1.87,0.394,2.98,1.13,2.6,931.0,0.387,311.0,19.28,0.4,,,,,
322756 (2001 CK32),20322756,True,False,0.724,0.383,8.14,0.447,1.0,225.0,1.6,187.0,19.23,,,4.166,,,
523590 (2001 QC96),20523590,True,False,1.34,0.38,20.6,0.829,1.84,564.0,0.639,202.0,21.12,,,10.0,,,
509102 (2005 VB7),20509102,True,False,1.8,0.348,32.6,1.17,2.43,883.0,0.408,75.4,19.46,,,,,,
(2005 XT77),3307228,True,True,0.841,0.266,17.2,0.617,1.07,282.0,1.28,167.0,21.42,,,,,,
(2006 AL4),3311963,True,False,2.51,0.594,2.76,1.02,4.0,1450.0,0.248,347.0,24.92,,,,,,
(2019 ER1),3838915,True,False,1.21,0.13,8.29,1.05,1.37,485.0,0.742,338.0,23.39,,,0.3324,,,
525356 (2005 BG14),20525356,True,True,1.99,0.727,21.7,0.543,3.44,1030.0,0.35,165.0,18.74,,,,,,
376707 (1995 OO),20376707,True,False,2.16,0.779,23.5,0.477,3.83,1160.0,0.311,263.0,17.0,,,,,,
(2016 CO246),3743897,True,False,0.995,0.126,6.29,0.869,1.12,362.0,0.993,193.0,25.8,,,,,,
7350 (1993 VA),20007350,True,False,1.36,0.391,7.26,0.826,1.89,577.0,0.624,73.4,17.16,1.921,0.069,3.58264,,,
6456 Golombek (1992 OM),20006456,True,False,2.19,0.409,8.22,1.3,3.09,1190.0,0.303,96.5,16.06,,,2.50129,,,
(1997 WQ23),3007574,True,True,1.74,0.495,2.45,0.878,2.6,836.0,0.43,107.0,20.88,,,14.6,,,
164222 (2004 RN9),20164222,True,False,1.3,0.247,16.1,0.982,1.63,544.0,0.662,29.7,20.85,,,,,,
(2002 AY1),3102728,True,True,0.779,0.437,29.9,0.439,1.12,251.0,1.43,149.0,20.85,,,,,,
(2016 AG193),3740496,True,False,1.31,0.197,28.8,1.05,1.57,548.0,0.657,225.0,23.5,,,,,,
614134 (2008 TC4),20614134,True,True,0.78,0.554,10.6,0.348,1.21,252.0,1.43,173.0,21.65,,,,,,
513126 (1998 QP),20513126,True,True,1.79,0.583,9.35,0.745,2.83,872.0,0.413,131.0,21.71,,,,,,
(2010 KP10),3523944,True,False,1.13,0.166,16.2,0.944,1.32,440.0,0.819,31.0,23.1,0.087,0.101,,,,
(2003 MK4),3157028,True,True,1.08,0.181,22.3,0.885,1.28,410.0,0.877,249.0,20.86,,,,,,
612989 (2005 LW39),20612989,True,True,1.99,0.716,28.5,0.565,3.41,1020.0,0.352,122.0,20.01,,,,,,
(2012 BA35),3596264,True,False,1.07,0.116,5.81,0.947,1.19,405.0,0.89,261.0,23.75,,,,,,
455415 (2003 GA),20455415,True,False,1.28,0.191,3.84,1.04,1.53,530.0,0.679,172.0,21.45,,,5.78,,,
247517 (2002 QY6),20247517,True,False,0.817,0.699,12.8,0.246,1.39,270.0,1.33,342.0,19.62,0.269,0.357,,,,
510190 (2011 CX7),20510190,True,False,1.3,0.323,10.5,0.88,1.72,541.0,0.666,204.0,20.46,,,,,,
(2014 UV210),3699902,True,False,1.16,0.131,0.599,1.0,1.31,453.0,0.794,282.0,26.9,,,0.5559,,,
351545 (2005 TE15),20351545,True,False,1.2,0.344,13.1,0.79,1.62,483.0,0.746,152.0,19.82,,,10.61,,,
85770 (1998 UP1),20085770,True,False,0.998,0.345,33.2,0.653,1.34,364.0,0.989,153.0,20.72,,,,,,
312942 (1995 EK1),20312942,True,False,2.26,0.777,9.08,0.504,4.02,1240.0,0.29,340.0,17.36,,,8.444,,,
(2010 VW75),3551068,True,False,2.72,0.601,1.1,1.08,4.35,1640.0,0.22,136.0,21.88,,,0.180062,,,
(2011 GP59),3562830,True,False,0.869,0.258,8.51,0.645,1.09,296.0,1.22,253.0,24.3,,,0.12251,,,
,,False,False,,,,,,,,,,,,,,,
(2003 YS17),3170204,True,True,0.93,0.313,6.53,0.639,1.22,328.0,1.1,40.1,21.6,,,,,,
613286 (2005 YQ96),20613286,True,True,0.743,0.334,22.2,0.495,0.991,234.0,1.54,210.0,20.63,,,,,,
307070 (2002 AV31),20307070,True,False,1.31,0.249,15.0,0.983,1.64,547.0,0.658,30.0,20.62,0.282,0.117,,,,
494690 (2004 JQ1),20494690,True,True,1.19,0.45,32.8,0.656,1.73,476.0,0.756,111.0,20.1,,,,,,
(2022 UY),54316897,True,False,0.997,0.114,15.6,0.883,1.11,364.0,0.99,270.0,25.49,,,,,,
533638 (2014 KT86),20533638,True,False,1.19,0.168,22.5,0.988,1.39,473.0,0.762,237.0,20.39,,,,,,
(2009 SV17),3467354,True,False,2.71,0.585,3.44,1.12,4.29,1630.0,0.221,201.0,19.61,,,17.34,,,
(2013 UG1),3652985,True,False,0.798,0.483,10.7,0.412,1.18,260.0,1.38,84.1,22.59,,,0.15558,,,
408982 (2002 SP),20408982,True,False,0.905,0.6,20.9,0.361,1.45,314.0,1.15,226.0,20.78,,,,,,
469219 Kamo`oalewa (2016 HO3),20469219,True,False,1.0,0.102,7.8,0.899,1.1,366.0,0.984,46.2,24.31,,,0.467,,,
276111 (2002 GM9),20276111,True,False,1.87,0.349,17.3,1.21,2.52,930.0,0.387,18.7,18.6,,,,,,
152754 (1999 GS6),20152754,True,True,1.19,0.497,2.02,0.599,1.78,475.0,0.758,227.0,19.22,0.414,0.216,8.021,,,
496901 (2001 HB),20496901,True,True,1.31,0.694,9.28,0.402,2.23,550.0,0.654,162.0,20.69,,,,,,
(2017 BP32),3767259,True,False,1.31,0.21,23.7,1.04,1.59,549.0,0.655,303.0,23.38,,,,,,
337252 (2000 SD8),20337252,True,False,1.13,0.314,6.55,0.775,1.48,438.0,0.822,84.4,20.82,,,,,,
425755 (2011 CP4),20425755,True,True,0.912,0.87,9.47,0.118,1.71,318.0,1.13,239.0,21.12,,,,,,
(2016 UZ40),3761739,True,False,2.07,0.733,2.35,0.553,3.59,1090.0,0.33,354.0,23.4,,,,,,
(2021 CP6),54117567,True,False,2.11,0.527,2.72,0.998,3.22,1120.0,0.322,173.0,22.9,,,,,,
(2005 RD34),3290809,True,False,1.33,0.265,19.9,0.975,1.68,558.0,0.645,131.0,20.43,,,,,,
525484 (2005 GL),20525484,True,True,1.06,0.306,15.9,0.733,1.38,396.0,0.908,282.0,21.3,,,,,,
136818 Selqet (1997 MW1),20136818,True,False,0.938,0.346,12.8,0.613,1.26,332.0,1.09,269.0,18.98,,,,,,
175729 (1998 BB10),20175729,True,True,1.27,0.425,11.5,0.732,1.81,524.0,0.688,196.0,20.44,,,,,,
256004 (2006 UP),20256004,True,False,1.58,0.3,2.29,1.11,2.06,728.0,0.495,206.0,23.02,,,,,,
401856 (2000 KW43),20401856,True,True,1.45,0.478,24.3,0.758,2.15,639.0,0.563,244.0,20.27,,,,,,
6037 (1988 EG),20006037,True,True,1.27,0.5,3.51,0.636,1.91,524.0,0.687,165.0,18.86,,,2.7602,,,
(2007 PB8),3381230,True,False,0.88,0.445,16.6,0.489,1.27,302.0,1.19,253.0,21.36,,,,,,
(2008 BX2),3400310,True,False,0.857,0.341,3.14,0.565,1.15,290.0,1.24,306.0,23.6,,,,,,
(2003 DF16),3150196,True,False,1.78,0.437,26.3,1.0,2.56,870.0,0.414,224.0,20.05,,,,,,
(2008 CE119),3402642,True,False,1.21,0.176,7.73,0.995,1.42,485.0,0.742,91.5,25.55,,,,,,
(2016 GE1),3748560,True,False,2.06,0.52,10.7,0.991,3.14,1080.0,0.333,79.8,26.7,,,0.009438,,,
1864 Daedalus (1971 FA),20001864,True,False,1.46,0.614,22.2,0.563,2.36,645.0,0.558,258.0,14.84,3.7,0.273,8.572,,,
847431 (1994 CJ1),20847431,True,True,1.49,0.325,2.31,1.01,1.98,664.0,0.542,113.0,21.51,,,30.0,,,
390725 (2003 HB),20390725,True,True,0.85,0.38,18.1,0.527,1.17,286.0,1.26,131.0,19.69,0.293,0.271,,,,
(2009 JR2),3459812,True,False,1.25,0.179,19.7,1.03,1.47,510.0,0.705,238.0,22.95,,,,,,
(2012 XE133),3620867,True,False,0.723,0.433,6.73,0.41,1.04,225.0,1.6,205.0,23.3,,,,,,
(2019 QG),3843572,True,True,0.822,0.239,12.6,0.626,1.02,272.0,1.32,323.0,21.38,,,,,,
508772 (1998 WP7),20508772,True,False,1.23,0.433,22.0,0.695,1.76,495.0,0.727,29.1,19.85,,,,,,
665390 (2009 HD82),20665390,True,False,1.25,0.477,5.8,0.656,1.85,513.0,0.702,228.0,21.69,,,,,,
(2016 GL2),3749032,True,False,1.45,0.265,14.9,1.07,1.84,639.0,0.564,197.0,23.67,,,,,,
468727 (2010 JE87),20468727,True,True,0.904,0.437,16.9,0.509,1.3,314.0,1.15,293.0,20.77,0.308,0.108,,,,
344074 (1997 UH9),20344074,True,False,0.83,0.475,25.5,0.436,1.22,276.0,1.3,209.0,19.01,,,,,,
163348 (2002 NN4),20163348,True,True,0.876,0.435,5.42,0.495,1.26,299.0,1.2,329.0,20.05,0.735,0.03,14.5,,,
525268 (2004 XL14),20525268,True,True,0.76,0.41,21.5,0.448,1.07,242.0,1.49,78.2,21.43,,,,,,
86666 (2000 FL10),20086666,True,False,1.46,0.427,29.0,0.838,2.09,646.0,0.557,224.0,16.88,1.165,0.228,206.0,,,
3671 Dionysus (1984 KD),20003671,True,True,2.2,0.544,13.5,1.0,3.39,1190.0,0.303,252.0,16.49,1.5,0.16,2.7053,,,
(2000 AH205),3092248,True,False,1.15,0.407,2.59,0.681,1.61,449.0,0.802,96.7,22.6,,,,,,
508908 (2003 YX1),20508908,True,True,0.88,0.267,5.76,0.645,1.11,301.0,1.19,315.0,20.95,,,,,,
136897 (1998 HJ41),20136897,True,False,1.36,0.125,38.9,1.19,1.53,581.0,0.619,22.3,18.56,,,15.3,,,
(2003 GH21),3152315,True,False,1.48,0.262,20.1,1.09,1.87,659.0,0.546,219.0,21.59,,,,,,
329275 (1999 VP6),20329275,True,False,1.38,0.304,12.8,0.959,1.8,591.0,0.609,63.1,20.1,,,,,,
161989 Cacus (1978 CA),20161989,True,True,1.12,0.214,26.1,0.883,1.36,434.0,0.829,310.0,17.31,1.9,0.09,3.7538,,,
(2016 UW80),3762440,True,False,1.16,0.169,13.0,0.967,1.36,459.0,0.784,346.0,23.91,,,,,,
216115 (2006 SU19),20216115,True,True,1.53,0.587,2.09,0.631,2.42,689.0,0.522,302.0,18.91,,,,,,
398188 Agni (2010 LE15),20398188,True,True,0.865,0.273,13.3,0.628,1.1,294.0,1.23,253.0,19.33,0.462,0.137,21.99,,,
90373 (2003 SZ219),20090373,True,False,1.63,0.204,9.87,1.29,1.96,758.0,0.475,227.0,18.8,,,,,,
(2017 DN109),3770288,True,True,1.2,0.827,7.09,0.207,2.18,478.0,0.754,289.0,21.82,,,,,,
370307 (2002 RH52),20370307,True,False,1.98,0.491,16.2,1.01,2.95,1020.0,0.354,74.1,16.97,,,4.218,,,
313276 (2002 AX1),20313276,True,False,0.88,0.542,33.0,0.403,1.36,301.0,1.19,69.7,19.86,,,131.0,,,
452376 (2002 AC5),20452376,True,True,1.76,0.494,16.5,0.891,2.63,853.0,0.422,99.3,19.97,,,,,,
864101 (2014 WL368),20864101,True,False,1.67,0.235,7.95,1.28,2.06,787.0,0.457,57.1,19.63,,,,,,
474163 (1999 SO5),20474163,True,True,1.09,0.0645,13.4,1.02,1.16,413.0,0.872,203.0,20.81,,,1.38,,,
138911 (2001 AE2),20138911,True,False,1.35,0.0817,1.66,1.24,1.46,573.0,0.629,211.0,19.44,,,15.88,,,
10145 (1994 CK1),20010145,True,False,1.9,0.633,4.55,0.698,3.1,957.0,0.376,139.0,17.0,,,49.2892,,,
354030 (2001 RB18),20354030,True,False,2.35,0.539,4.18,1.08,3.61,1310.0,0.274,253.0,18.61,,,26.755,,,
7341 (1991 VK),20007341,True,True,1.84,0.506,5.41,0.91,2.77,913.0,0.394,196.0,16.96,0.982,0.235,4.2096,,,
286079 (2001 TW1),20286079,True,False,0.911,0.526,31.3,0.432,1.39,318.0,1.13,349.0,19.29,,,,,,
(2007 US12),3390647,True,False,0.906,0.515,8.8,0.44,1.37,315.0,1.14,66.5,22.13,,,,,,
137924 (2000 BD19),20137924,True,False,0.876,0.895,25.8,0.092,1.66,300.0,1.2,333.0,17.5,0.97,0.247,10.57,,,
162825 (2001 BO61),20162825,True,True,1.77,0.744,9.07,0.453,3.09,862.0,0.417,146.0,17.97,,,,,,
524196 (2001 QP181),20524196,True,False,2.24,0.53,4.52,1.05,3.43,1220.0,0.294,106.0,18.71,,,17.05,,,
106589 (2000 WN107),20106589,True,False,2.15,0.618,14.4,0.82,3.47,1150.0,0.314,279.0,16.01,,,141.1,,,
(2010 KQ10),3523945,True,True,2.38,0.662,6.7,0.805,3.96,1340.0,0.268,99.8,21.64,,,,,,
1865 Cerberus (1971 UA),20001865,True,False,1.08,0.467,16.1,0.576,1.58,410.0,0.878,320.0,16.78,1.2,0.22,6.8039,,,
369986 (1998 SO),20369986,True,False,0.731,0.699,30.3,0.22,1.24,228.0,1.58,348.0,20.44,,,,,,
(2009 SW19),3467709,True,False,1.26,0.328,62.9,0.849,1.68,518.0,0.695,251.0,19.61,,,,,,
(2007 TH1),3387458,True,True,1.36,0.418,20.1,0.793,1.93,580.0,0.62,183.0,21.88,,,,,,
154300 (2002 UO),20154300,True,False,1.21,0.473,8.29,0.638,1.78,486.0,0.741,189.0,19.37,,,,,,
209215 (2003 WP25),20209215,True,False,0.989,0.121,2.56,0.869,1.11,359.0,1.0,269.0,24.3,,,,,,
441823 (2009 QO5),20441823,True,False,1.6,0.238,8.56,1.22,1.98,736.0,0.489,23.9,22.11,,,,,,
(2017 JF3),3774612,True,True,0.906,0.349,5.82,0.59,1.22,315.0,1.14,198.0,21.74,,,,,,
(2003 AC23),3145520,True,True,2.17,0.582,2.06,0.908,3.43,1170.0,0.308,39.7,21.9,,,,,,
23548 (1994 EF2),20023548,True,False,2.29,0.518,23.4,1.1,3.48,1270.0,0.285,67.0,17.28,,,,,,
338292 (2002 UA31),20338292,True,False,0.799,0.487,30.7,0.41,1.19,261.0,1.38,277.0,19.11,,,2.5564,,,
(2013 KS1),3638576,True,False,1.48,0.387,1.63,0.904,2.05,654.0,0.55,320.0,26.82,,,,,,
4660 Nereus (1982 DB),20004660,True,True,1.48,0.359,1.45,0.952,2.02,661.0,0.545,49.8,18.75,0.33,0.55,15.1749,,,
(2007 GU4),3373918,True,False,1.2,0.457,3.16,0.654,1.75,482.0,0.747,93.0,22.65,,,,,,
443837 (2000 TJ1),20443837,True,False,1.16,0.0808,39.5,1.07,1.25,457.0,0.788,158.0,19.68,0.253,0.399,14.09,,,
323300 (2003 UD22),20323300,True,False,1.17,0.318,10.1,0.797,1.54,461.0,0.78,240.0,19.63,,,,,,
(2008 SZ150),3428532,True,False,1.41,0.33,13.1,0.944,1.87,611.0,0.589,119.0,24.02,,,,,,
173664 (2001 JU2),20173664,True,False,1.52,0.269,4.02,1.11,1.93,683.0,0.527,337.0,19.76,,,,,,
159467 (2000 QK25),20159467,True,False,1.81,0.283,6.14,1.3,2.32,889.0,0.405,106.0,18.34,,,3.0,,,
162080 (1998 DG16),20162080,True,False,0.897,0.358,16.2,0.576,1.22,310.0,1.16,68.1,19.95,0.777,0.035,,,,
(2012 DY32),3599934,True,False,1.08,0.166,9.54,0.904,1.26,412.0,0.873,136.0,22.69,,,,,,
252558 (2001 WT1),20252558,True,False,1.09,0.397,7.16,0.657,1.52,415.0,0.867,189.0,20.37,0.533,0.062,,,,
(2013 BO27),3625068,True,False,1.16,0.513,3.05,0.565,1.75,456.0,0.789,150.0,24.11,,,,,,
(2003 FF5),3151652,True,False,1.37,0.304,6.34,0.953,1.79,585.0,0.615,15.8,23.3,,,,,,
(2018 RV3),3827426,True,False,1.6,0.359,17.7,1.02,2.17,737.0,0.488,183.0,23.03,,,,,,
(2017 TJ1),3782065,True,False,1.21,0.179,10.4,0.992,1.42,485.0,0.742,209.0,20.7,,,,,,
5604 (1992 FE),20005604,True,True,0.93,0.406,4.7,0.552,1.31,328.0,1.1,350.0,17.38,0.55,0.48,5.3375,,,
482798 (2013 QK48),20482798,True,True,1.59,0.83,19.0,0.27,2.9,729.0,0.494,107.0,18.35,,,,,,
(2011 CE50),3557530,True,False,1.01,0.188,14.9,0.821,1.2,371.0,0.97,64.4,23.14,,,,,,
257838 (2000 JQ66),20257838,True,False,2.17,0.42,7.06,1.26,3.07,1160.0,0.309,339.0,18.0,,,11.094,,,
678964 (2018 CC14),20678964,True,False,2.08,0.546,5.89,0.945,3.22,1100.0,0.328,199.0,22.4,,,,,,
11066 Sigurd (1992 CC1),20011066,True,False,1.39,0.375,36.9,0.869,1.91,600.0,0.6,315.0,15.17,2.104,0.19,8.4958,,,
410088 (2007 EJ),20410088,True,False,2.5,0.629,8.32,0.927,4.07,1440.0,0.249,276.0,18.2,1.032,0.095,4.5569,,,
(2015 TW178),3730328,True,False,1.76,0.32,9.51,1.2,2.32,852.0,0.423,107.0,21.12,,,,,,
189700 (2001 TA45),20189700,True,False,1.46,0.191,10.7,1.18,1.74,646.0,0.557,269.0,19.15,,,5.0,,,
152742 (1998 XE12),20152742,True,False,0.878,0.739,13.4,0.229,1.53,301.0,1.2,16.5,19.1,0.413,0.264,,,,
469356 (2001 DR8),20469356,True,False,1.93,0.672,6.56,0.632,3.22,976.0,0.369,149.0,18.76,,,,,,
1221 Amor (1932 EA1),20001221,True,False,1.92,0.435,11.9,1.09,2.75,972.0,0.371,59.9,17.37,1.0,,,,,
162181 (1999 LF6),20162181,True,False,1.41,0.281,18.9,1.01,1.81,611.0,0.589,237.0,18.2,0.729,0.175,37.26,,,
249615 (1999 TB5),20249615,True,False,1.97,0.394,30.4,1.19,2.74,1010.0,0.357,142.0,19.05,,,,,,
513312 (2007 DM41),20513312,True,True,1.18,0.528,2.26,0.558,1.8,469.0,0.768,159.0,22.06,,,,,,
(2021 WC8),54239534,True,True,2.62,0.701,17.7,0.783,4.45,1550.0,0.233,312.0,19.81,,,,,,
171819 (2001 FZ6),20171819,True,False,1.5,0.167,9.95,1.25,1.74,668.0,0.539,45.2,18.38,,,15.24,,,
189011 Ogmios (1997 NJ6),20189011,True,False,1.5,0.232,18.7,1.15,1.85,671.0,0.536,71.4,19.08,,,,,,
339492 (2005 GQ21),20339492,True,False,1.43,0.215,47.0,1.12,1.73,622.0,0.579,275.0,18.39,,,,,,
828534 (2004 TG10),20828534,True,True,2.24,0.861,4.19,0.311,4.16,1220.0,0.295,83.4,19.47,1.316,0.018,,,,
523605 (2004 RX10),20523605,True,False,0.92,0.351,5.96,0.597,1.24,322.0,1.12,223.0,21.49,,,,,,
322763 (2001 FA7),20322763,True,False,2.01,0.536,22.8,0.931,3.08,1040.0,0.347,306.0,17.21,1.252,0.196,,,,
(2006 TD),3347502,True,False,1.59,0.395,8.19,0.965,2.22,735.0,0.49,205.0,22.4,,,,,,
(2011 XC),3590075,True,False,1.26,0.134,21.6,1.09,1.42,514.0,0.7,274.0,20.98,,,,,,
(2021 SP4),54202335,True,True,1.47,0.405,9.92,0.873,2.06,649.0,0.554,53.6,20.96,,,,,,
625646 (2006 GX2),20625646,True,False,1.76,0.545,8.23,0.799,2.72,851.0,0.423,175.0,20.71,,,,,,
(2015 XW261),3736516,True,False,1.25,0.467,29.7,0.666,1.83,510.0,0.706,342.0,21.39,,,19.67,,,
(2017 US4),3788008,True,False,1.4,0.217,9.7,1.1,1.71,608.0,0.592,191.0,21.51,,,,,,
(2006 WF129),3361625,True,False,2.64,0.532,22.1,1.24,4.05,1570.0,0.229,162.0,19.13,,,,,,
(2003 TG2),3160853,True,False,0.908,0.316,25.5,0.621,1.19,316.0,1.14,10.0,21.36,,,,,,
(2005 NE21),3283679,True,False,0.789,0.496,10.6,0.397,1.18,256.0,1.41,171.0,21.24,,,,,,
152664 (1998 FW4),20152664,True,True,2.52,0.714,3.41,0.721,4.32,1460.0,0.246,2.25,19.7,,,17.38,,,
7336 Saunders (1989 RS1),20007336,True,False,2.31,0.482,7.2,1.19,3.42,1280.0,0.282,118.0,18.8,,,4.307,,,
162416 (2000 EH26),20162416,True,True,1.85,0.478,0.402,0.968,2.74,922.0,0.39,40.0,21.67,,,24.0,,,
(1999 SF10),3023213,True,False,1.28,0.254,1.21,0.955,1.6,529.0,0.681,1.25,24.46,,,0.0411,,,
